7&6&Z&Z&1Z&Z&Z&Z&Z&,0,0,2,2,0,0,3,4,0,0,0,0,0,0
7&6&Z&2Z&1Z&Z&Z&Z&Z&,0,0,0,0,0,0,0,0,1,1,1,1,0,0
7&6&Z&2Z&1Z&Z&Z&1Z&Z&,0,0,1,1,0,0,0,0,0,0,0,0,0,0
7&6&Z&22Z&1Z&Z&Z&1Z&Z&,0,0,1,1,0,0,0,0,0,0,0,0,0,0
7&6&Z&221Z&1Z&Z&Z&1Z&Z&,0,0,0,0,0,0,0,0,0,0,1,1,0,0
7&6&Z&221Z&1Z&Z&Z&12Z&Z&,0,0,0,0,1,1,0,0,0,0,0,0,0,0
7&6&Z&221Z&11Z&Z&Z&12Z&Z&,0,0,0,0,0,0,1,1,0,0,0,0,0,0
7&6&Z&221Z&11Z&2Z&Z&12Z&Z&,0,0,0,0,1,1,0,0,0,0,0,0,0,0
7&6&Z&221Z&111Z&2Z&Z&12Z&Z&,0,0,0,0,1,1,0,0,0,0,0,0,0,0
7&6&Z&221Z&1112Z&2Z&Z&12Z&Z&,0,0,0,0,0,0,0,0,1,1,0,0,0,0
7&6&Z&221Z&1112Z&2Z&1Z&12Z&Z&,0,0,0,0,0,0,1,1,0,0,0,0,0,0
7&6&Z&221Z&1112Z&22Z&1Z&12Z&Z&,0,0,0,0,1,1,0,0,0,0,0,0,0,0
7&6&Z&221Z&11121Z&22Z&1Z&12Z&Z&,0,0,0,0,0,0,1,1,0,0,0,0,0,0
7&6&Z&221Z&11121Z&222Z&1Z&12Z&Z&,0,0,0,0,0,0,1,1,0,0,0,0,0,0
7&6&Z&221Z&11121Z&2221Z&1Z&12Z&Z&,0,0,0,0,0,0,0,0,1,1,0,0,0,0
7&6&Z&221Z&11121Z&2221Z&12Z&12Z&Z&,0,0,0,0,0,0,0,0,0,0,1,1,0,0
7&6&Z&221Z&11121Z&2221Z&12Z&121Z&Z&,1,1,0,0,0,0,0,0,0,0,0,0,0,0
7&6&2Z&221Z&11121Z&2221Z&12Z&121Z&Z&,1,1,0,0,0,0,0,0,0,0,0,0,0,0
7&6&Z&Z&Z&Z&Z&1Z&Z&,0,0,0,1,0,0,1,1,0,0,0,0,0,0
7&6&Z&2Z&Z&Z&Z&1Z&Z&,0,0,0,0,0,0,0,1,0,0,0,0,0,0
7&6&Z&2Z&Z&1Z&Z&1Z&Z&,0,0,0,0,0,0,0,0,0,1,0,1,0,0
7&6&Z&2Z&Z&1Z&Z&12Z&Z&,0,0,0,0,0,0,0,0,0,1,0,0,0,0
7&6&Z&2Z&Z&1Z&1Z&12Z&Z&,0,0,0,0,0,0,0,0,0,1,0,0,0,0
7&6&Z&Z&Z&1Z&Z&Z&Z&,0,2,0,3,1,5,2,6,1,5,1,3,0,1
7&6&Z&Z&Z&1Z&2Z&Z&Z&,0,0,0,1,0,0,1,4,0,0,0,0,0,0
7&6&Z&Z&Z&11Z&2Z&Z&Z&,0,0,0,0,0,0,0,0,0,3,0,0,1,1
7&6&Z&Z&Z&11Z&22Z&Z&Z&,0,0,0,0,0,0,0,1,0,2,0,0,0,0
7&6&Z&Z&Z&11Z&221Z&Z&Z&,0,0,0,0,0,1,0,1,0,0,0,0,0,0
7&6&Z&Z&2Z&11Z&221Z&Z&Z&,0,0,0,0,0,0,0,0,0,0,0,1,0,0
7&6&Z&Z&2Z&11Z&221Z&1Z&Z&,0,0,0,0,0,1,0,0,0,0,0,0,0,0
7&6&Z&Z&22Z&11Z&221Z&1Z&Z&,0,0,0,0,0,1,0,0,0,0,0,0,0,0
7&6&Z&Z&221Z&11Z&221Z&1Z&Z&,0,0,0,0,0,1,0,0,0,0,0,0,0,0
7&6&Z&Z&2212Z&11Z&221Z&1Z&Z&,0,0,0,0,0,0,0,1,0,0,0,0,0,0
7&6&Z&Z&2212Z&111Z&221Z&1Z&Z&,0,0,0,0,0,0,0,1,0,0,0,0,0,0
7&6&Z&Z&2212Z&1112Z&221Z&1Z&Z&,0,0,0,0,0,0,0,0,0,1,0,0,0,0
7&6&Z&Z&2212Z&1112Z&2211Z&1Z&Z&,0,0,0,0,0,1,0,0,0,0,0,0,0,0
7&6&Z&Z&22122Z&1112Z&2211Z&1Z&Z&,0,0,0,1,0,0,0,0,0,0,0,0,0,0
7&6&Z&1Z&22122Z&1112Z&2211Z&1Z&Z&,0,0,0,1,0,0,0,0,0,0,0,0,0,0
7&6&Z&1Z&Z&Z&Z&Z&Z&,0,0,0,3,1,1,3,4,0,0,0,1,0,0
7&6&Z&1Z&Z&2Z&Z&Z&Z&,0,0,1,1,0,0,1,1,0,0,1,2,0,0
7&6&Z&1Z&Z&2Z&Z&1Z&Z&,0,0,0,0,0,0,2,3,0,0,0,0,0,0
7&6&Z&1Z&Z&22Z&Z&1Z&Z&,0,0,1,1,0,0,1,2,0,0,0,0,0,0
7&6&Z&1Z&Z&221Z&Z&1Z&Z&,0,0,1,1,0,0,0,0,0,0,0,1,0,0
7&6&Z&1Z&Z&221Z&Z&12Z&Z&,0,0,0,0,0,0,0,0,0,0,0,1,0,0
7&6&Z&1Z&Z&221Z&Z&121Z&Z&,0,0,0,0,0,0,0,1,0,0,0,0,0,0
7&6&Z&1Z&Z&2212Z&Z&121Z&Z&,0,0,0,0,0,1,0,0,0,0,0,0,0,0
7&6&Z&1Z&1Z&2212Z&Z&121Z&Z&,0,0,0,1,0,0,0,0,0,0,0,0,0,0
7&6&Z&12Z&1Z&2212Z&Z&121Z&Z&,0,0,0,0,0,0,0,0,0,1,0,0,0,0
7&6&Z&12Z&1Z&2212Z&1Z&121Z&Z&,0,0,0,1,0,0,0,0,0,0,0,0,0,0
7&6&Z&122Z&1Z&2212Z&1Z&121Z&Z&,0,0,0,0,0,1,0,0,0,0,0,0,0,0
7&6&Z&122Z&11Z&2212Z&1Z&121Z&Z&,0,0,0,0,0,1,0,0,0,0,0,0,0,0
7&6&Z&122Z&112Z&2212Z&1Z&121Z&Z&,0,0,0,0,0,1,0,0,0,0,0,0,0,0
7&6&Z&122Z&1121Z&2212Z&1Z&121Z&Z&,0,0,0,0,0,0,0,0,0,1,0,0,0,0
7&6&Z&122Z&1121Z&2212Z&12Z&121Z&Z&,0,0,0,0,0,0,0,0,0,1,0,0,0,0
7&6&Z&122Z&1121Z&2212Z&121Z&121Z&Z&,0,0,0,1,0,0,0,0,0,0,0,0,0,0
7&6&Z&1222Z&1121Z&2212Z&121Z&121Z&Z&,0,0,0,1,0,0,0,0,0,0,0,0,0,0
7&6&Z&12221Z&1121Z&2212Z&121Z&121Z&Z&,0,0,0,0,0,0,0,0,0,0,0,1,0,0
7&6&Z&12221Z&1121Z&2212Z&121Z&1212Z&Z&,0,0,0,0,0,0,0,1,0,0,0,0,0,0
7&6&Z&12221Z&1121Z&22121Z&121Z&1212Z&Z&,0,0,0,0,0,0,0,0,0,0,0,0,0,1
7&6&Z&12221Z&1121Z&22121Z&121Z&1212Z&2Z&,0,0,0,0,0,0,0,0,0,0,0,0,0,1
7&6&Z&12221Z&1121Z&22121Z&121Z&1212Z&21Z&,0,0,0,0,0,0,0,0,0,0,0,0,0,1
7&6&Z&12Z&Z&Z&Z&Z&Z&,0,0,0,1,0,0,0,1,0,0,0,0,0,1
7&6&Z&121Z&Z&Z&Z&Z&Z&,0,0,0,0,0,0,0,1,0,0,0,0,0,0
7&6&Z&121Z&Z&2Z&Z&Z&Z&,0,0,0,0,0,0,0,1,0,0,0,0,0,0
7&6&Z&121Z&Z&21Z&Z&Z&Z&,0,0,0,0,0,0,0,1,0,0,0,0,0,0
7&6&Z&121Z&Z&212Z&Z&Z&Z&,0,0,0,0,0,1,0,0,0,0,0,0,0,0
7&6&Z&121Z&1Z&212Z&Z&Z&Z&,0,0,0,0,0,0,0,0,0,0,0,1,0,0
7&6&Z&121Z&1Z&212Z&Z&2Z&Z&,0,0,0,0,0,0,0,0,0,1,0,0,0,0
7&6&Z&121Z&1Z&212Z&1Z&2Z&Z&,0,0,0,1,0,0,0,0,0,0,0,0,0,0
7&6&Z&1212Z&1Z&212Z&1Z&2Z&Z&,0,0,0,0,0,0,0,1,0,0,0,0,0,0
7&6&Z&1212Z&1Z&2121Z&1Z&2Z&Z&,0,0,0,0,0,0,0,1,0,0,0,0,0,0
7&6&Z&1212Z&1Z&21212Z&1Z&2Z&Z&,0,0,0,0,0,0,0,0,0,0,0,1,0,0
7&6&Z&1212Z&1Z&21212Z&1Z&21Z&Z&,0,0,0,0,0,0,0,0,0,0,0,0,0,1
7&6&Z&1212Z&1Z&21212Z&1Z&21Z&2Z&,0,0,0,0,0,0,0,0,0,1,0,0,0,0
7&6&Z&1212Z&1Z&21212Z&11Z&21Z&2Z&,0,0,0,0,0,0,0,0,0,1,0,0,0,0
7&6&Z&Z&2Z&1Z&Z&Z&Z&,0,0,0,0,0,1,1,2,0,1,0,1,0,0
7&6&Z&Z&21Z&1Z&Z&Z&Z&,0,0,0,0,0,1,0,0,0,0,0,0,0,0
7&6&Z&Z&212Z&1Z&Z&Z&Z&,0,0,0,0,0,0,0,1,0,0,0,0,0,0
7&6&Z&Z&212Z&11Z&Z&Z&Z&,0,0,0,0,0,0,0,1,0,0,0,0,0,0
7&6&Z&Z&212Z&112Z&Z&Z&Z&,0,0,0,0,0,0,0,0,0,0,0,1,0,0
7&6&Z&Z&212Z&112Z&Z&1Z&Z&,0,0,0,0,0,0,0,0,0,0,0,1,0,0
7&6&Z&Z&212Z&112Z&Z&12Z&Z&,0,0,0,0,0,0,0,0,0,0,0,0,0,1
7&6&Z&Z&212Z&112Z&Z&12Z&1Z&,0,0,0,0,0,0,0,0,0,1,0,0,0,0
7&6&Z&Z&212Z&112Z&2Z&12Z&1Z&,0,0,0,0,0,0,0,0,0,1,0,0,0,0
7&6&Z&Z&212Z&112Z&21Z&12Z&1Z&,0,0,0,0,0,0,0,0,0,1,0,0,0,0
7&6&Z&Z&212Z&112Z&212Z&12Z&1Z&,0,0,0,0,0,0,0,0,0,0,0,1,0,0
7&6&Z&Z&212Z&112Z&212Z&121Z&1Z&,0,0,0,0,0,0,0,1,0,0,0,0,0,0
7&6&Z&Z&212Z&1122Z&212Z&121Z&1Z&,0,0,0,0,0,0,0,1,0,0,0,0,0,0
7&6&Z&Z&212Z&11221Z&212Z&121Z&1Z&,0,0,0,0,0,0,0,0,0,0,0,0,0,1
7&6&Z&Z&212Z&11221Z&212Z&121Z&12Z&,0,0,0,0,0,0,0,0,0,0,0,1,0,0
7&6&Z&Z&212Z&11221Z&212Z&1211Z&12Z&,0,0,0,0,0,0,0,0,0,0,0,1,0,0
7&6&Z&Z&212Z&11221Z&212Z&12112Z&12Z&,0,0,0,0,0,0,0,1,0,0,0,0,0,0
7&6&Z&Z&212Z&112211&212Z&12112Z&12Z&,0,0,0,0,0,0,0,0,0,0,0,1,0,0
7&6&Z&Z&212Z&112211&212Z&121122&12Z&,0,0,0,0,0,0,0,0,0,0,0,0,0,1
7&6&Z&Z&212Z&112211&212Z&121122&121Z&,0,0,0,0,0,1,0,0,0,0,0,0,0,0
7&6&Z&Z&2122Z&112211&212Z&121122&121Z&,0,0,0,0,0,1,0,0,0,0,0,0,0,0
7&6&Z&Z&21221Z&112211&212Z&121122&121Z&,0,0,0,0,0,1,0,0,0,0,0,0,0,0
7&6&Z&Z&2Z&1Z&1Z&Z&Z&,0,0,0,0,0,0,0,0,0,0,0,0,0,1
7&6&Z&Z&2Z&1Z&1Z&Z&2Z&,0,0,0,0,0,0,0,1,0,0,0,0,0,0
7&6&Z&Z&2Z&11Z&1Z&Z&2Z&,0,0,0,0,0,0,0,1,0,0,0,0,0,0
7&6&Z&Z&2Z&112Z&1Z&Z&2Z&,0,0,0,0,0,1,0,0,0,0,0,0,0,0
7&6&Z&Z&21Z&112Z&1Z&Z&2Z&,0,0,0,0,0,0,0,0,0,0,0,1,0,0
7&6&Z&Z&21Z&112Z&1Z&2Z&2Z&,0,0,0,0,0,0,0,0,0,1,0,0,0,0
7&6&Z&Z&21Z&112Z&11Z&2Z&2Z&,0,0,0,0,0,0,0,0,0,1,0,0,0,0
7&6&Z&1Z&2Z&Z&Z&Z&Z&,0,0,0,0,0,0,0,0,1,1,0,0,0,0
7&6&Z&1Z&2Z&Z&1Z&Z&Z&,0,0,0,0,0,0,1,1,0,0,0,0,0,0
7&6&Z&1Z&2Z&2Z&1Z&Z&Z&,0,0,1,1,0,0,0,0,0,0,0,0,0,0
7&6&Z&11Z&2Z&2Z&1Z&Z&Z&,0,0,0,0,0,0,0,0,1,1,0,0,0,0
7&6&Z&11Z&2Z&2Z&12Z&Z&Z&,0,0,1,1,0,0,0,0,0,0,0,0,0,0
7&6&Z&111Z&2Z&2Z&12Z&Z&Z&,0,0,1,1,0,0,0,0,0,0,0,0,0,0
7&6&Z&1112Z&2Z&2Z&12Z&Z&Z&,0,0,0,0,0,0,1,1,0,0,0,0,0,0
7&6&Z&1112Z&2Z&21Z&12Z&Z&Z&,0,0,0,0,0,0,0,0,1,1,0,0,0,0
7&6&Z&1112Z&2Z&21Z&122Z&Z&Z&,0,0,0,0,0,0,1,1,0,0,0,0,0,0
7&6&Z&1112Z&2Z&211Z&122Z&Z&Z&,0,0,0,0,0,0,1,1,0,0,0,0,0,0
7&6&Z&1112Z&2Z&2112Z&122Z&Z&Z&,0,0,0,0,0,0,0,0,0,0,0,0,1,1
7&6&Z&1112Z&2Z&2112Z&122Z&Z&1Z&,0,0,0,0,1,1,0,0,0,0,0,0,0,0
7&6&Z&1112Z&22Z&2112Z&122Z&Z&1Z&,1,1,0,0,0,0,0,0,0,0,0,0,0,0
7&6&1Z&1112Z&22Z&2112Z&122Z&Z&1Z&,0,0,0,0,1,1,0,0,0,0,0,0,0,0
7&6&1Z&1112Z&222Z&2112Z&122Z&Z&1Z&,0,0,0,0,1,1,0,0,0,0,0,0,0,0
7&6&Z&11Z&Z&2Z&Z&Z&Z&,0,0,1,1,0,0,0,0,0,0,0,0,0,0
7&6&Z&112Z&Z&2Z&Z&Z&Z&,0,0,0,0,0,0,1,1,0,0,0,0,0,0
7&6&Z&112Z&Z&21Z&Z&Z&Z&,0,0,0,0,0,0,0,0,1,1,0,0,0,0
7&6&Z&112Z&Z&21Z&2Z&Z&Z&,0,0,0,0,0,0,0,0,1,1,0,0,0,0
7&6&Z&112Z&Z&21Z&21Z&Z&Z&,0,0,0,0,0,0,0,0,0,0,1,1,0,0
7&6&Z&112Z&Z&21Z&21Z&2Z&Z&,0,0,0,0,0,0,0,0,0,0,1,1,0,0
7&6&Z&11Z&Z&22Z&Z&1Z&Z&,0,0,0,0,0,0,1,1,0,0,0,0,0,0
7&6&Z&11Z&Z&222Z&Z&1Z&Z&,0,0,0,0,0,0,1,1,0,0,0,0,0,0
7&6&1Z&Z&Z&Z&Z&Z&Z&,1,1,0,0,1,1,1,2,0,0,0,0,0,0
7&6&1Z&Z&2Z&Z&Z&Z&Z&,0,0,0,0,1,1,0,0,0,0,0,0,0,0
7&6&1Z&Z&21Z&Z&Z&Z&Z&,0,0,0,0,0,0,1,1,0,0,0,0,0,0
7&6&1Z&Z&21Z&2Z&Z&Z&Z&,1,1,0,0,0,0,0,0,0,0,0,0,0,0
7&6&11Z&Z&21Z&2Z&Z&Z&Z&,0,0,0,0,0,0,0,0,1,1,0,0,0,0
7&6&11Z&Z&21Z&2Z&2Z&Z&Z&,0,0,0,0,0,0,0,0,1,1,0,0,0,0
7&6&Z&Z&Z&Z&Z&Z&1Z&,0,0,0,0,0,0,1,1,0,0,0,0,0,0
7&6&Z&Z&Z&2Z&Z&Z&1Z&,0,0,0,0,0,0,0,0,1,1,0,0,0,0
7&6&Z&Z&Z&2Z&1Z&Z&1Z&,0,0,1,1,0,0,0,0,0,0,0,0,0,0
7&6&Z&2Z&Z&2Z&1Z&Z&1Z&,0,0,1,1,0,0,0,0,0,0,0,0,0,0
7&6&Z&21Z&Z&2Z&1Z&Z&1Z&,0,0,0,0,1,1,0,0,0,0,0,0,0,0
7&6&Z&21Z&2Z&2Z&1Z&Z&1Z&,0,0,0,0,1,1,0,0,0,0,0,0,0,0
7&6&Z&Z&2Z&11Z&Z&Z&Z&,0,0,0,0,0,1,1,1,0,0,0,0,0,0
7&6&Z&Z&2Z&112Z&Z&Z&Z&,0,0,1,1,0,0,0,0,0,0,0,0,0,0
7&6&Z&1Z&2Z&112Z&Z&Z&Z&,0,0,0,0,1,1,0,0,0,0,0,0,0,0
7&6&Z&1Z&22Z&112Z&Z&Z&Z&,0,0,0,0,0,0,0,0,1,1,0,0,0,0
7&6&Z&1Z&22Z&112Z&1Z&Z&Z&,0,0,0,0,0,0,0,0,0,0,1,1,0,0
7&6&Z&1Z&22Z&112Z&1Z&2Z&Z&,0,0,0,0,0,0,0,0,0,0,1,1,0,0
7&6&Z&1Z&22Z&112Z&1Z&21Z&Z&,0,0,0,0,0,0,1,1,0,0,0,0,0,0
7&6&Z&1Z&22Z&1122Z&1Z&21Z&Z&,0,0,1,1,0,0,0,0,0,0,0,0,0,0
7&6&Z&11Z&22Z&1122Z&1Z&21Z&Z&,0,0,0,0,1,1,0,0,0,0,0,0,0,0
7&6&Z&11Z&222Z&1122Z&1Z&21Z&Z&,0,0,0,0,1,1,0,0,0,0,0,0,0,0
7&6&Z&Z&Z&Z&1Z&Z&Z&,0,0,1,1,0,0,0,2,0,1,0,1,0,0
7&6&Z&2Z&Z&Z&1Z&Z&Z&,0,0,0,0,1,1,0,0,0,0,0,0,0,0
7&6&Z&2Z&1Z&Z&1Z&Z&Z&,0,0,0,0,1,1,0,0,0,0,1,1,0,0
7&6&Z&2Z&1Z&Z&1Z&2Z&Z&,0,0,1,1,0,0,0,0,0,0,0,0,0,0
7&6&Z&21Z&1Z&Z&1Z&2Z&Z&,0,0,1,1,0,0,0,0,0,0,0,0,0,0
7&6&Z&212Z&1Z&Z&1Z&2Z&Z&,0,0,0,0,0,0,0,0,0,0,0,0,1,1
7&6&Z&212Z&1Z&Z&1Z&2Z&1Z&,0,0,1,1,0,0,0,0,0,0,0,0,0,0
7&6&Z&2122Z&1Z&Z&1Z&2Z&1Z&,0,0,0,0,0,0,0,0,1,1,0,0,0,0
7&6&Z&2122Z&1Z&Z&11Z&2Z&1Z&,0,0,0,0,0,0,0,0,1,1,0,0,0,0
7&6&Z&2122Z&1Z&Z&112Z&2Z&1Z&,0,0,0,0,1,1,0,0,0,0,0,0,0,0
7&6&Z&2122Z&11Z&Z&112Z&2Z&1Z&,1,1,0,0,0,0,0,0,0,0,0,0,0,0
7&6&2Z&2122Z&11Z&Z&112Z&2Z&1Z&,0,0,0,0,0,0,1,1,0,0,0,0,0,0
7&6&2Z&2122Z&11Z&1Z&112Z&2Z&1Z&,0,0,0,0,0,0,1,1,0,0,0,0,0,0
7&6&2Z&2122Z&11Z&12Z&112Z&2Z&1Z&,0,0,0,0,1,1,0,0,0,0,0,0,0,0
7&6&2Z&2122Z&111Z&12Z&112Z&2Z&1Z&,0,0,0,0,1,1,0,0,0,0,0,0,0,0
7&6&2Z&2122Z&1112Z&12Z&112Z&2Z&1Z&,0,0,0,0,0,0,0,0,0,0,1,1,0,0
7&6&2Z&2122Z&1112Z&12Z&112Z&21Z&1Z&,1,1,0,0,0,0,0,0,0,0,0,0,0,0
7&6&22Z&2122Z&1112Z&12Z&112Z&21Z&1Z&,0,0,0,0,1,1,0,0,0,0,0,0,0,0
7&6&22Z&2122Z&11121Z&12Z&112Z&21Z&1Z&,0,0,0,0,0,0,0,0,0,0,1,1,0,0
7&6&22Z&2122Z&11121Z&12Z&112Z&212Z&1Z&,0,0,0,0,1,1,0,0,0,0,0,0,0,0
7&6&22Z&2122Z&111211&12Z&112Z&212Z&1Z&,0,0,0,0,0,0,0,0,1,1,0,0,0,0
7&6&22Z&2122Z&111211&12Z&1122Z&212Z&1Z&,0,0,0,0,0,0,0,0,1,1,0,0,0,0
7&6&22Z&2122Z&111211&12Z&11221Z&212Z&1Z&,0,0,1,1,0,0,0,0,0,0,0,0,0,0
7&6&22Z&21222Z&111211&12Z&11221Z&212Z&1Z&,0,0,1,1,0,0,0,0,0,0,0,0,0,0
7&6&Z&Z&Z&1Z&Z&2Z&Z&,0,0,0,0,0,1,1,1,0,0,0,0,0,1
7&6&Z&Z&1Z&1Z&Z&2Z&Z&,0,0,0,0,0,0,0,0,0,1,0,0,0,0
7&6&Z&Z&1Z&1Z&2Z&2Z&Z&,0,0,0,0,0,0,0,1,0,0,0,0,0,0
7&6&Z&Z&1Z&11Z&2Z&2Z&Z&,0,0,0,0,0,1,0,0,0,0,0,0,0,0
7&6&Z&Z&12Z&11Z&2Z&2Z&Z&,0,0,0,0,0,0,0,0,0,0,0,1,0,0
7&6&Z&Z&12Z&11Z&2Z&21Z&Z&,0,0,0,0,0,0,0,0,0,1,0,0,0,0
7&6&Z&Z&12Z&11Z&22Z&21Z&Z&,0,1,0,0,0,0,0,0,0,0,0,0,0,0
7&6&1Z&Z&12Z&11Z&22Z&21Z&Z&,0,1,0,0,0,0,0,0,0,0,0,0,0,0
7&6&Z&Z&Z&12Z&Z&Z&Z&,1,1,1,2,0,1,0,1,0,1,0,0,0,0
7&6&Z&1Z&Z&12Z&Z&Z&Z&,0,0,0,0,1,1,0,0,0,1,0,0,0,0
7&6&Z&1Z&2Z&12Z&Z&Z&Z&,0,0,0,0,1,1,0,0,0,0,0,0,0,0
7&6&Z&1Z&21Z&12Z&Z&Z&Z&,0,0,0,0,0,0,1,1,0,0,0,0,0,0
7&6&Z&1Z&21Z&122Z&Z&Z&Z&,0,0,1,1,0,0,0,0,0,0,0,0,0,0
7&6&Z&11Z&21Z&122Z&Z&Z&Z&,0,0,0,0,0,0,1,1,0,0,0,0,0,0
7&6&Z&11Z&21Z&1222Z&Z&Z&Z&,0,0,0,0,0,0,1,1,0,0,0,0,0,0
7&6&1Z&Z&Z&2Z&Z&Z&Z&,0,0,0,0,0,0,1,1,0,1,0,0,0,0
7&6&1Z&Z&Z&21Z&Z&Z&Z&,0,0,0,0,0,0,0,0,0,0,0,0,1,1
7&6&1Z&Z&Z&21Z&Z&Z&2Z&,0,0,0,0,0,0,1,1,0,0,0,0,0,0
7&6&1Z&Z&Z&211Z&Z&Z&2Z&,0,0,0,0,1,1,0,0,0,0,0,0,0,0
7&6&1Z&Z&2Z&211Z&Z&Z&2Z&,1,1,0,0,0,0,0,0,0,0,0,0,0,0
7&6&11Z&Z&2Z&211Z&Z&Z&2Z&,0,0,0,0,0,0,1,1,0,0,0,0,0,0
7&6&11Z&Z&2Z&2112Z&Z&Z&2Z&,1,1,0,0,0,0,0,0,0,0,0,0,0,0
7&6&111Z&Z&2Z&2112Z&Z&Z&2Z&,1,1,0,0,0,0,0,0,0,0,0,0,0,0
7&6&1112Z&Z&2Z&2112Z&Z&Z&2Z&,0,0,0,0,0,0,0,0,1,1,0,0,0,0
7&6&1112Z&Z&2Z&2112Z&1Z&Z&2Z&,0,0,0,0,0,0,0,0,0,0,1,1,0,0
7&6&1112Z&Z&2Z&2112Z&1Z&2Z&2Z&,0,0,0,0,1,1,0,0,0,0,0,0,0,0
7&6&1112Z&Z&21Z&2112Z&1Z&2Z&2Z&,0,0,0,0,0,0,0,0,0,0,1,1,0,0
7&6&1112Z&Z&21Z&2112Z&1Z&22Z&2Z&,1,1,0,0,0,0,0,0,0,0,0,0,0,0
7&6&11121Z&Z&21Z&2112Z&1Z&22Z&2Z&,0,0,0,0,0,0,1,1,0,0,0,0,0,0
7&6&11121Z&Z&21Z&21122Z&1Z&22Z&2Z&,0,0,0,0,0,0,0,0,0,0,0,0,1,1
7&6&11121Z&Z&21Z&21122Z&1Z&22Z&21Z&,0,0,0,0,0,0,0,0,0,0,1,1,0,0
7&6&11121Z&Z&21Z&21122Z&1Z&222Z&21Z&,0,0,0,0,0,0,0,0,0,0,1,1,0,0
7&6&11121Z&Z&21Z&21122Z&1Z&2221Z&21Z&,0,0,0,0,1,1,0,0,0,0,0,0,0,0
7&6&11121Z&Z&212Z&21122Z&1Z&2221Z&21Z&,0,0,1,1,0,0,0,0,0,0,0,0,0,0
7&6&11121Z&1Z&212Z&21122Z&1Z&2221Z&21Z&,0,0,1,1,0,0,0,0,0,0,0,0,0,0
7&6&11121Z&12Z&212Z&21122Z&1Z&2221Z&21Z&,0,0,0,0,1,1,0,0,0,0,0,0,0,0
7&6&11121Z&12Z&2121Z&21122Z&1Z&2221Z&21Z&,0,0,0,0,0,0,0,0,0,0,0,0,1,1
7&6&11121Z&12Z&2121Z&21122Z&1Z&2221Z&212Z&,0,0,0,0,0,0,0,0,0,0,0,0,1,1
7&6&Z&12Z&Z&Z&Z&Z&1Z&,0,0,0,1,0,0,0,0,0,0,0,0,0,0
7&6&Z&122Z&Z&Z&Z&Z&1Z&,0,0,0,0,0,0,0,1,0,0,0,0,0,0
7&6&Z&122Z&Z&1Z&Z&Z&1Z&,0,1,0,0,0,0,0,0,0,0,0,0,0,0
7&6&2Z&122Z&Z&1Z&Z&Z&1Z&,0,0,0,0,0,0,0,0,0,1,0,0,0,0
7&6&2Z&122Z&Z&1Z&1Z&Z&1Z&,0,0,0,0,0,0,0,0,0,1,0,0,0,0
7&6&Z&12Z&Z&1Z&Z&Z&Z&,0,0,0,1,0,0,0,0,0,0,0,0,0,0
7&6&Z&122Z&Z&1Z&Z&Z&Z&,0,0,0,0,0,1,0,0,0,0,0,0,0,0
7&6&Z&122Z&1Z&1Z&Z&Z&Z&,0,0,0,0,0,1,0,0,0,0,0,0,0,0
7&6&Z&Z&1Z&2Z&Z&Z&Z&,0,0,0,0,1,2,2,2,0,0,0,0,0,0
7&6&Z&Z&1Z&21Z&Z&Z&Z&,0,0,0,0,1,1,1,1,0,0,0,0,0,0
7&6&Z&Z&1Z&212Z&Z&Z&Z&,0,0,0,0,1,1,0,0,0,0,0,0,0,0
7&6&Z&Z&11Z&212Z&Z&Z&Z&,0,0,0,0,1,1,0,0,0,0,0,0,0,0
7&6&Z&Z&112Z&212Z&Z&Z&Z&,0,0,1,1,0,0,0,0,0,0,0,0,0,0
7&6&Z&1Z&112Z&212Z&Z&Z&Z&,0,0,0,0,0,0,0,0,1,1,0,0,0,0
7&6&Z&1Z&112Z&212Z&2Z&Z&Z&,0,0,1,1,0,0,0,0,0,0,0,0,0,0
7&6&Z&11Z&112Z&212Z&2Z&Z&Z&,0,0,0,0,0,0,0,0,1,1,0,0,0,0
7&6&Z&11Z&112Z&212Z&22Z&Z&Z&,0,0,0,0,1,1,0,0,0,0,0,0,0,0
7&6&Z&11Z&1121Z&212Z&22Z&Z&Z&,0,0,1,1,0,0,0,0,0,0,0,0,0,0
7&6&Z&112Z&1121Z&212Z&22Z&Z&Z&,0,0,0,0,0,0,0,0,1,1,0,0,0,0
7&6&Z&112Z&1121Z&212Z&221Z&Z&Z&,0,0,0,0,0,0,1,1,0,0,0,0,0,0
7&6&Z&112Z&1121Z&2122Z&221Z&Z&Z&,0,0,0,0,0,0,0,0,1,1,0,0,0,0
7&6&Z&112Z&1121Z&2122Z&2211Z&Z&Z&,0,0,0,0,0,0,1,1,0,0,0,0,0,0
7&6&Z&112Z&1121Z&21222Z&2211Z&Z&Z&,0,0,0,0,0,0,1,1,0,0,0,0,0,0
7&6&Z&1Z&Z&Z&Z&2Z&Z&,0,0,0,0,0,0,0,1,0,0,0,0,0,0
7&6&Z&1Z&Z&1Z&Z&2Z&Z&,0,0,0,0,0,1,0,0,0,0,0,0,0,0
7&6&Z&1Z&2Z&1Z&Z&2Z&Z&,0,0,0,0,0,1,0,0,0,0,0,0,0,0
7&6&Z&1Z&21Z&1Z&Z&2Z&Z&,0,0,0,0,0,0,0,0,0,0,0,0,0,1
7&6&Z&1Z&21Z&1Z&Z&2Z&2Z&,0,0,0,0,0,1,0,0,0,0,0,0,0,0
7&6&Z&1Z&211Z&1Z&Z&2Z&2Z&,0,1,0,0,0,0,0,0,0,0,0,0,0,0
7&6&2Z&1Z&211Z&1Z&Z&2Z&2Z&,0,1,0,0,0,0,0,0,0,0,0,0,0,0
7&6&21Z&1Z&211Z&1Z&Z&2Z&2Z&,0,1,0,0,0,0,0,0,0,0,0,0,0,0
7&6&212Z&1Z&211Z&1Z&Z&2Z&2Z&,0,1,0,0,0,0,0,0,0,0,0,0,0,0
7&6&2121Z&1Z&211Z&1Z&Z&2Z&2Z&,0,0,0,0,0,0,0,1,0,0,0,0,0,0
7&6&2121Z&1Z&211Z&12Z&Z&2Z&2Z&,0,0,0,0,0,1,0,0,0,0,0,0,0,0
7&6&2121Z&1Z&2111Z&12Z&Z&2Z&2Z&,0,0,0,0,0,1,0,0,0,0,0,0,0,0
7&6&2121Z&1Z&21112Z&12Z&Z&2Z&2Z&,0,0,0,0,0,0,0,0,0,1,0,0,0,0
7&6&2121Z&1Z&21112Z&12Z&1Z&2Z&2Z&,0,0,0,0,0,0,0,0,0,1,0,0,0,0
7&6&2121Z&1Z&21112Z&12Z&12Z&2Z&2Z&,0,0,0,1,0,0,0,0,0,0,0,0,0,0
7&6&2121Z&11Z&21112Z&12Z&12Z&2Z&2Z&,0,0,0,1,0,0,0,0,0,0,0,0,0,0
7&6&2121Z&112Z&21112Z&12Z&12Z&2Z&2Z&,0,0,0,1,0,0,0,0,0,0,0,0,0,0
7&6&2121Z&1121Z&21112Z&12Z&12Z&2Z&2Z&,0,0,0,0,0,1,0,0,0,0,0,0,0,0
7&6&2121Z&1121Z&211122&12Z&12Z&2Z&2Z&,0,0,0,0,0,0,0,0,0,0,0,1,0,0
7&6&2121Z&1121Z&211122&12Z&12Z&21Z&2Z&,0,0,0,0,0,0,0,0,0,0,0,0,0,1
7&6&2121Z&1121Z&211122&12Z&12Z&21Z&22Z&,0,0,0,1,0,0,0,0,0,0,0,0,0,0
7&6&2121Z&11211Z&211122&12Z&12Z&21Z&22Z&,0,0,0,1,0,0,0,0,0,0,0,0,0,0
7&6&Z&1Z&Z&12Z&2Z&Z&Z&,0,1,0,0,0,0,0,0,0,0,0,0,0,0
7&6&1Z&1Z&Z&12Z&2Z&Z&Z&,0,1,0,0,0,0,0,0,0,0,0,0,0,0
7&6&Z&1Z&Z&21Z&Z&Z&Z&,0,0,0,0,0,0,1,1,0,0,0,0,0,0
7&6&Z&1Z&Z&212Z&Z&Z&Z&,0,0,0,0,0,0,0,0,1,1,0,0,0,0
7&6&Z&1Z&Z&212Z&1Z&Z&Z&,0,0,0,0,0,0,0,0,1,1,0,0,0,0
7&6&Z&1Z&Z&212Z&12Z&Z&Z&,0,0,1,1,0,0,0,0,0,0,0,0,0,0
7&6&Z&11Z&Z&212Z&12Z&Z&Z&,0,0,0,0,0,0,1,1,0,0,0,0,0,0
7&6&Z&11Z&Z&2122Z&12Z&Z&Z&,0,0,0,0,0,0,0,0,1,1,0,0,0,0
7&6&Z&11Z&Z&2122Z&121Z&Z&Z&,1,1,0,0,0,0,0,0,0,0,0,0,0,0
7&6&2Z&11Z&Z&2122Z&121Z&Z&Z&,0,0,0,0,0,0,0,0,1,1,0,0,0,0
7&6&2Z&11Z&Z&2122Z&1211Z&Z&Z&,1,1,0,0,0,0,0,0,0,0,0,0,0,0
7&6&22Z&11Z&Z&2122Z&1211Z&Z&Z&,0,0,0,0,1,1,0,0,0,0,0,0,0,0
7&6&22Z&11Z&1Z&2122Z&1211Z&Z&Z&,0,0,0,0,0,0,1,1,0,0,0,0,0,0
7&6&22Z&11Z&1Z&21222Z&1211Z&Z&Z&,0,0,0,0,0,0,1,1,0,0,0,0,0,0
7&6&22Z&11Z&1Z&212221&1211Z&Z&Z&,0,0,0,0,0,0,0,0,1,1,0,0,0,0
7&6&22Z&11Z&1Z&212221&12112Z&Z&Z&,1,1,0,0,0,0,0,0,0,0,0,0,0,0
7&6&221Z&11Z&1Z&212221&12112Z&Z&Z&,0,0,1,1,0,0,0,0,0,0,0,0,0,0
7&6&221Z&112Z&1Z&212221&12112Z&Z&Z&,0,0,0,0,1,1,0,0,0,0,0,0,0,0
7&6&221Z&112Z&11Z&212221&12112Z&Z&Z&,0,0,1,1,0,0,0,0,0,0,0,0,0,0
7&6&221Z&1122Z&11Z&212221&12112Z&Z&Z&,1,1,0,0,0,0,0,0,0,0,0,0,0,0
7&6&2211Z&1122Z&11Z&212221&12112Z&Z&Z&,0,0,1,1,0,0,0,0,0,0,0,0,0,0
7&6&2211Z&11222Z&11Z&212221&12112Z&Z&Z&,0,0,1,1,0,0,0,0,0,0,0,0,0,0
7&6&12Z&Z&Z&Z&Z&Z&Z&,0,0,0,0,0,0,0,0,0,0,1,1,0,0
7&6&12Z&Z&Z&Z&Z&1Z&Z&,0,0,0,0,1,1,0,0,0,0,0,0,0,0
7&6&12Z&Z&2Z&Z&Z&1Z&Z&,0,0,0,0,1,1,0,0,0,0,0,0,0,0
7&6&12Z&Z&21Z&Z&Z&1Z&Z&,0,0,0,0,0,0,0,0,1,1,0,0,0,0
7&6&12Z&Z&21Z&Z&2Z&1Z&Z&,0,0,1,1,0,0,0,0,0,0,0,0,0,0
7&6&12Z&1Z&21Z&Z&2Z&1Z&Z&,0,0,0,0,0,0,0,0,0,0,1,1,0,0
7&6&12Z&1Z&21Z&Z&2Z&12Z&Z&,0,0,0,0,0,0,0,0,1,1,0,0,0,0
7&6&12Z&1Z&21Z&Z&21Z&12Z&Z&,1,1,0,0,0,0,0,0,0,0,0,0,0,0
7&6&122Z&1Z&21Z&Z&21Z&12Z&Z&,0,0,1,1,0,0,0,0,0,0,0,0,0,0
7&6&122Z&11Z&21Z&Z&21Z&12Z&Z&,1,1,0,0,0,0,0,0,0,0,0,0,0,0
7&6&1222Z&11Z&21Z&Z&21Z&12Z&Z&,1,1,0,0,0,0,0,0,0,0,0,0,0,0
7&6&12221Z&11Z&21Z&Z&21Z&12Z&Z&,0,0,0,0,1,1,0,0,0,0,0,0,0,0
7&6&12221Z&11Z&212Z&Z&21Z&12Z&Z&,0,0,1,1,0,0,0,0,0,0,0,0,0,0
7&6&12221Z&111Z&212Z&Z&21Z&12Z&Z&,0,0,1,1,0,0,0,0,0,0,0,0,0,0
7&6&12221Z&1112Z&212Z&Z&21Z&12Z&Z&,0,0,1,1,0,0,0,0,0,0,0,0,0,0
7&6&12221Z&11121Z&212Z&Z&21Z&12Z&Z&,0,0,0,0,0,0,0,0,0,0,0,0,1,1
7&6&12221Z&11121Z&212Z&Z&21Z&12Z&2Z&,0,0,1,1,0,0,0,0,0,0,0,0,0,0
7&6&12221Z&111211&212Z&Z&21Z&12Z&2Z&,1,1,0,0,0,0,0,0,0,0,0,0,0,0
7&6&122212&111211&212Z&Z&21Z&12Z&2Z&,0,0,0,0,0,0,0,0,1,1,0,0,0,0
7&6&122212&111211&212Z&Z&211Z&12Z&2Z&,0,0,0,0,0,0,0,0,1,1,0,0,0,0
7&6&122212&111211&212Z&Z&2112Z&12Z&2Z&,0,0,0,0,0,0,0,0,1,1,0,0,0,0
7&6&Z&2Z&Z&1Z&Z&Z&Z&,0,2,0,0,0,0,0,0,0,0,0,1,0,0
7&6&1Z&2Z&Z&1Z&Z&Z&Z&,0,1,0,1,0,0,0,0,0,0,0,0,0,0
7&6&12Z&2Z&Z&1Z&Z&Z&Z&,0,0,0,1,0,0,0,0,0,0,0,0,0,0
7&6&12Z&21Z&Z&1Z&Z&Z&Z&,0,0,0,0,0,0,0,1,0,0,0,0,0,0
7&6&12Z&21Z&Z&12Z&Z&Z&Z&,0,0,0,0,0,0,0,0,0,1,0,0,0,0
7&6&12Z&21Z&Z&12Z&1Z&Z&Z&,0,0,0,0,0,0,0,1,0,0,0,0,0,0
7&6&12Z&21Z&Z&122Z&1Z&Z&Z&,0,0,0,0,0,0,0,0,0,0,0,1,0,0
7&6&12Z&21Z&Z&122Z&1Z&1Z&Z&,0,0,0,0,0,0,0,0,0,0,0,1,0,0
7&6&Z&Z&Z&2Z&Z&1Z&Z&,0,0,1,1,0,0,0,0,0,0,0,0,0,0
7&6&Z&12Z&Z&221Z&Z&1Z&Z&,0,0,1,1,0,0,0,0,0,0,0,0,0,0
7&6&Z&121Z&Z&221Z&Z&1Z&Z&,0,0,0,0,0,0,1,1,0,0,0,0,0,0
7&6&Z&121Z&Z&2212Z&Z&1Z&Z&,0,0,0,0,0,0,1,1,0,0,0,0,0,0
7&6&Z&121Z&Z&22121Z&Z&1Z&Z&,0,0,1,1,0,0,0,0,0,0,0,0,0,0
7&6&Z&1212Z&Z&22121Z&Z&1Z&Z&,0,0,0,0,1,1,0,0,0,0,0,0,0,0
7&6&Z&1212Z&1Z&22121Z&Z&1Z&Z&,0,0,0,0,0,0,0,0,1,1,0,0,0,0
7&6&Z&1212Z&1Z&22121Z&2Z&1Z&Z&,0,0,0,0,0,0,0,0,1,1,0,0,0,0
7&6&Z&Z&11Z&2Z&Z&Z&Z&,0,0,0,1,1,1,0,0,0,0,0,0,0,0
7&6&Z&2Z&11Z&2Z&Z&Z&Z&,0,0,0,0,0,0,0,1,0,0,0,0,0,0
7&6&Z&2Z&11Z&21Z&Z&Z&Z&,0,1,0,0,0,0,0,0,0,0,0,0,0,0
7&6&2Z&2Z&11Z&21Z&Z&Z&Z&,0,0,0,0,0,0,0,0,0,0,0,1,0,0
7&6&2Z&2Z&11Z&21Z&Z&1Z&Z&,0,1,0,0,0,0,0,0,0,0,0,0,0,0
7&6&22Z&2Z&11Z&21Z&Z&1Z&Z&,0,0,0,1,0,0,0,0,0,0,0,0,0,0
7&6&22Z&21Z&11Z&21Z&Z&1Z&Z&,0,0,0,0,0,0,0,0,0,0,0,1,0,0
7&6&22Z&21Z&11Z&21Z&Z&12Z&Z&,0,0,0,1,0,0,0,0,0,0,0,0,0,0
7&6&22Z&211Z&11Z&21Z&Z&12Z&Z&,0,1,0,0,0,0,0,0,0,0,0,0,0,0
7&6&222Z&211Z&11Z&21Z&Z&12Z&Z&,0,1,0,0,0,0,0,0,0,0,0,0,0,0
7&6&2221Z&211Z&11Z&21Z&Z&12Z&Z&,0,0,0,1,0,0,0,0,0,0,0,0,0,0
7&6&2221Z&2112Z&11Z&21Z&Z&12Z&Z&,0,0,0,0,0,1,0,0,0,0,0,0,0,0
7&6&2221Z&2112Z&111Z&21Z&Z&12Z&Z&,0,0,0,0,0,1,0,0,0,0,0,0,0,0
7&6&2221Z&2112Z&1112Z&21Z&Z&12Z&Z&,0,0,0,0,0,0,0,1,0,0,0,0,0,0
7&6&2221Z&2112Z&1112Z&211Z&Z&12Z&Z&,0,0,0,0,0,0,0,1,0,0,0,0,0,0
7&6&2221Z&2112Z&1112Z&2112Z&Z&12Z&Z&,0,0,0,0,0,0,0,0,0,1,0,0,0,0
7&6&2221Z&2112Z&1112Z&2112Z&1Z&12Z&Z&,0,0,0,0,0,0,0,0,0,1,0,0,0,0
7&6&1Z&22Z&Z&1Z&Z&Z&Z&,0,0,0,1,0,0,0,0,0,0,0,0,0,0
7&6&1Z&221Z&Z&1Z&Z&Z&Z&,0,0,0,0,0,0,0,1,0,0,0,0,0,0
7&6&1Z&221Z&Z&12Z&Z&Z&Z&,0,0,0,0,0,0,0,1,0,0,0,0,0,0
7&6&1Z&221Z&Z&121Z&Z&Z&Z&,0,0,0,0,0,0,0,1,0,0,0,0,0,0
7&6&1Z&221Z&Z&1212Z&Z&Z&Z&,0,1,0,0,0,0,0,0,0,0,0,0,0,0
7&6&11Z&221Z&Z&1212Z&Z&Z&Z&,0,0,0,0,0,0,0,0,0,1,0,0,0,0
7&6&11Z&221Z&Z&1212Z&2Z&Z&Z&,0,0,0,1,0,0,0,0,0,0,0,0,0,0
7&6&11Z&2211Z&Z&1212Z&2Z&Z&Z&,0,1,0,0,0,0,0,0,0,0,0,0,0,0
7&6&112Z&2211Z&Z&1212Z&2Z&Z&Z&,0,0,0,0,0,0,0,0,0,1,0,0,0,0
7&6&112Z&2211Z&Z&1212Z&21Z&Z&Z&,0,0,0,0,0,0,0,0,0,1,0,0,0,0
7&6&112Z&2211Z&Z&1212Z&212Z&Z&Z&,0,0,0,1,0,0,0,0,0,0,0,0,0,0
7&6&112Z&22111Z&Z&1212Z&212Z&Z&Z&,0,0,0,1,0,0,0,0,0,0,0,0,0,0
7&6&Z&Z&Z&2Z&1Z&Z&Z&,0,0,0,0,0,0,0,1,0,1,0,0,0,0
7&6&Z&Z&Z&21Z&1Z&Z&Z&,0,0,0,0,0,0,0,0,0,1,0,0,0,0
7&6&Z&Z&Z&21Z&12Z&Z&Z&,0,0,0,0,0,0,0,1,0,0,0,0,0,0
7&6&Z&Z&Z&211Z&12Z&Z&Z&,0,0,0,1,0,0,0,0,0,0,0,0,0,0
7&6&Z&2Z&Z&211Z&12Z&Z&Z&,0,0,0,0,0,0,0,0,0,1,0,0,0,0
7&6&Z&2Z&Z&211Z&121Z&Z&Z&,0,0,0,0,0,1,0,0,0,0,0,0,0,0
7&6&Z&2Z&2Z&211Z&121Z&Z&Z&,0,1,0,0,0,0,0,0,0,0,0,0,0,0
7&6&1Z&2Z&2Z&211Z&121Z&Z&Z&,0,0,0,0,0,0,0,1,0,0,0,0,0,0
7&6&1Z&2Z&2Z&2112Z&121Z&Z&Z&,0,0,0,0,0,0,0,0,0,0,0,1,0,0
7&6&1Z&2Z&2Z&2112Z&121Z&1Z&Z&,0,0,0,0,0,1,0,0,0,0,0,0,0,0
7&6&1Z&2Z&22Z&2112Z&121Z&1Z&Z&,0,0,0,0,0,1,0,0,0,0,0,0,0,0
7&6&1Z&2Z&221Z&2112Z&121Z&1Z&Z&,0,0,0,0,0,1,0,0,0,0,0,0,0,0
7&6&Z&Z&112Z&2Z&Z&Z&Z&,0,0,0,0,0,0,0,0,1,1,0,0,0,0
7&6&Z&Z&112Z&2Z&1Z&Z&Z&,0,0,0,0,0,0,1,1,0,0,0,0,0,0
7&6&Z&Z&112Z&22Z&1Z&Z&Z&,0,0,0,0,0,0,1,1,0,0,0,0,0,0
7&6&Z&Z&112Z&221Z&1Z&Z&Z&,0,0,0,0,1,1,0,0,0,0,0,0,0,0
7&6&Z&Z&1122Z&221Z&1Z&Z&Z&,0,0,0,0,0,0,0,0,1,1,0,0,0,0
7&6&Z&Z&1122Z&221Z&11Z&Z&Z&,0,0,0,0,0,0,0,0,1,1,0,0,0,0
7&6&Z&Z&1122Z&221Z&112Z&Z&Z&,0,0,0,0,0,0,1,1,0,0,0,0,0,0
7&6&Z&Z&1122Z&2211Z&112Z&Z&Z&,0,0,0,0,1,1,0,0,0,0,0,0,0,0
7&6&Z&Z&11222Z&2211Z&112Z&Z&Z&,0,0,0,0,1,1,0,0,0,0,0,0,0,0
7&6&Z&Z&Z&12Z&1Z&Z&Z&,0,0,0,0,0,0,0,0,0,0,0,0,0,1
7&6&Z&Z&Z&12Z&1Z&Z&2Z&,0,0,0,0,0,1,0,0,0,0,0,0,0,0
7&6&Z&Z&1Z&12Z&1Z&Z&2Z&,0,0,0,0,0,1,0,0,0,0,0,0,0,0
7&6&1Z&Z&Z&2Z&1Z&Z&Z&,0,0,0,0,0,0,0,0,0,1,0,0,0,0
7&6&1Z&Z&Z&2Z&12Z&Z&Z&,0,0,0,0,0,0,0,1,0,0,0,0,0,0
7&6&1Z&Z&Z&21Z&12Z&Z&Z&,0,1,0,0,0,0,0,0,0,0,0,0,0,0
7&6&12Z&Z&Z&21Z&12Z&Z&Z&,0,0,0,0,0,0,0,0,0,1,0,0,0,0
7&6&12Z&Z&Z&21Z&121Z&Z&Z&,0,0,0,0,0,0,0,1,0,0,0,0,0,0
7&6&12Z&Z&Z&212Z&121Z&Z&Z&,0,0,0,0,0,0,0,1,0,0,0,0,0,0
7&6&12Z&Z&Z&2121Z&121Z&Z&Z&,0,1,0,0,0,0,0,0,0,0,0,0,0,0
7&6&122Z&Z&Z&2121Z&121Z&Z&Z&,0,0,0,1,0,0,0,0,0,0,0,0,0,0
7&6&122Z&1Z&Z&2121Z&121Z&Z&Z&,0,1,0,0,0,0,0,0,0,0,0,0,0,0
7&6&1222Z&1Z&Z&2121Z&121Z&Z&Z&,0,1,0,0,0,0,0,0,0,0,0,0,0,0
7&6&12221Z&1Z&Z&2121Z&121Z&Z&Z&,0,0,0,0,0,1,0,0,0,0,0,0,0,0
7&6&12221Z&1Z&2Z&2121Z&121Z&Z&Z&,0,0,0,0,0,0,0,0,0,0,0,0,0,1
7&6&12221Z&1Z&2Z&2121Z&121Z&Z&1Z&,0,0,0,0,0,1,0,0,0,0,0,0,0,0
7&6&12221Z&1Z&22Z&2121Z&121Z&Z&1Z&,0,0,0,0,0,0,0,0,0,1,0,0,0,0
7&6&12221Z&1Z&22Z&2121Z&1211Z&Z&1Z&,0,0,0,0,0,0,0,0,0,1,0,0,0,0
7&6&12221Z&1Z&22Z&2121Z&12112Z&Z&1Z&,0,0,0,0,0,0,0,0,0,0,0,0,0,1
7&6&12221Z&1Z&22Z&2121Z&12112Z&Z&11Z&,0,0,0,0,0,1,0,0,0,0,0,0,0,0
7&6&12221Z&1Z&222Z&2121Z&12112Z&Z&11Z&,0,0,0,0,0,1,0,0,0,0,0,0,0,0
7&6&12221Z&1Z&2221Z&2121Z&12112Z&Z&11Z&,0,0,0,0,0,0,0,0,0,1,0,0,0,0
7&6&12221Z&1Z&2221Z&2121Z&121122&Z&11Z&,0,0,0,0,0,1,0,0,0,0,0,0,0,0
7&6&12221Z&1Z&22211Z&2121Z&121122&Z&11Z&,0,0,0,0,0,0,0,1,0,0,0,0,0,0
7&6&12221Z&1Z&22211Z&21212Z&121122&Z&11Z&,0,0,0,0,0,0,0,0,0,0,0,0,0,1
7&6&12221Z&1Z&22211Z&21212Z&121122&Z&111Z&,0,0,0,0,0,0,0,0,0,0,0,0,0,1
7&6&Z&Z&Z&Z&12Z&Z&Z&,0,0,0,0,0,0,0,1,0,0,0,0,0,0
7&6&Z&Z&Z&1Z&12Z&Z&Z&,0,0,0,0,0,0,0,0,0,0,0,1,0,0
7&6&Z&Z&Z&1Z&12Z&2Z&Z&,0,0,0,0,0,1,0,0,0,0,0,0,0,0
7&6&Z&Z&1Z&1Z&12Z&2Z&Z&,0,0,0,1,0,0,0,0,0,0,0,0,0,0
7&6&Z&2Z&1Z&1Z&12Z&2Z&Z&,0,0,0,0,0,0,0,1,0,0,0,0,0,0
7&6&Z&2Z&1Z&11Z&12Z&2Z&Z&,0,0,0,0,0,0,0,1,0,0,0,0,0,0
7&6&Z&2Z&1Z&112Z&12Z&2Z&Z&,0,0,0,0,0,0,0,0,0,1,0,0,0,0
7&6&Z&2Z&1Z&112Z&121Z&2Z&Z&,0,0,0,0,0,0,0,1,0,0,0,0,0,0
7&6&Z&2Z&1Z&1122Z&121Z&2Z&Z&,0,0,0,0,0,0,0,1,0,0,0,0,0,0
7&6&Z&2Z&1Z&11221Z&121Z&2Z&Z&,0,0,0,0,0,1,0,0,0,0,0,0,0,0
7&6&Z&2Z&12Z&11221Z&121Z&2Z&Z&,0,0,0,0,0,0,0,0,0,1,0,0,0,0
7&6&Z&2Z&12Z&11221Z&1211Z&2Z&Z&,0,0,0,1,0,0,0,0,0,0,0,0,0,0
7&6&Z&22Z&12Z&11221Z&1211Z&2Z&Z&,0,0,0,0,0,0,0,0,0,1,0,0,0,0
7&6&Z&22Z&12Z&11221Z&12111Z&2Z&Z&,0,0,0,0,0,0,0,0,0,1,0,0,0,0
7&6&Z&22Z&12Z&11221Z&121112&2Z&Z&,0,0,0,1,0,0,0,0,0,0,0,0,0,0
7&6&Z&221Z&12Z&11221Z&121112&2Z&Z&,0,0,0,1,0,0,0,0,0,0,0,0,0,0
7&6&Z&2212Z&12Z&11221Z&121112&2Z&Z&,0,0,0,0,0,0,0,1,0,0,0,0,0,0
7&6&Z&2212Z&12Z&112211&121112&2Z&Z&,0,0,0,0,0,1,0,0,0,0,0,0,0,0
7&6&Z&2212Z&122Z&112211&121112&2Z&Z&,0,0,0,0,0,1,0,0,0,0,0,0,0,0
7&6&Z&2212Z&1221Z&112211&121112&2Z&Z&,0,0,0,0,0,1,0,0,0,0,0,0,0,0
7&6&Z&2212Z&12212Z&112211&121112&2Z&Z&,0,0,0,0,0,1,0,0,0,0,0,0,0,0
7&6&Z&2212Z&122121&112211&121112&2Z&Z&,0,0,0,0,0,1,0,0,0,0,0,0,0,0
7&6&Z&Z&Z&112Z&221Z&Z&Z&,0,0,0,0,0,0,0,1,0,0,0,0,0,0
7&6&Z&Z&Z&1121Z&221Z&Z&Z&,0,1,0,0,0,0,0,0,0,0,0,0,0,0
7&6&2Z&Z&Z&1121Z&221Z&Z&Z&,0,0,0,0,0,0,0,0,0,0,0,1,0,0
7&6&2Z&Z&Z&1121Z&221Z&1Z&Z&,0,0,0,0,0,0,0,0,0,0,0,0,0,1
7&6&2Z&Z&Z&1121Z&221Z&1Z&2Z&,0,0,0,0,0,0,0,0,0,0,0,1,0,0
7&6&2Z&Z&Z&1121Z&221Z&11Z&2Z&,0,1,0,0,0,0,0,0,0,0,0,0,0,0
7&6&22Z&Z&Z&1121Z&221Z&11Z&2Z&,0,0,0,0,0,0,0,0,0,0,0,1,0,0
7&6&22Z&Z&Z&1121Z&221Z&111Z&2Z&,0,0,0,0,0,0,0,0,0,0,0,1,0,0
7&6&Z&Z&Z&111Z&22Z&Z&Z&,0,0,0,0,0,0,0,1,0,0,0,0,0,0
7&6&Z&1Z&Z&1Z&2Z&Z&Z&,0,0,0,0,0,1,0,0,0,0,0,0,0,0
7&6&Z&1Z&2Z&1Z&2Z&Z&Z&,0,0,0,0,0,0,0,1,0,0,0,0,0,0
7&6&Z&1Z&2Z&11Z&2Z&Z&Z&,0,0,0,0,0,0,0,0,0,1,0,0,0,0
7&6&Z&1Z&2Z&11Z&22Z&Z&Z&,0,0,0,0,0,0,0,0,0,1,0,0,0,0
7&6&Z&1Z&2Z&11Z&221Z&Z&Z&,0,0,0,0,0,0,0,1,0,0,0,0,0,0
7&6&Z&1Z&2Z&112Z&221Z&Z&Z&,0,0,0,1,0,0,0,0,0,0,0,0,0,0
7&6&Z&11Z&2Z&112Z&221Z&Z&Z&,0,0,0,0,0,1,0,0,0,0,0,0,0,0
7&6&Z&11Z&22Z&112Z&221Z&Z&Z&,0,0,0,1,0,0,0,0,0,0,0,0,0,0
7&6&Z&111Z&22Z&112Z&221Z&Z&Z&,0,0,0,1,0,0,0,0,0,0,0,0,0,0
7&6&Z&1112Z&22Z&112Z&221Z&Z&Z&,0,0,0,0,0,0,0,1,0,0,0,0,0,0
7&6&Z&1112Z&22Z&1121Z&221Z&Z&Z&,0,1,0,0,0,0,0,0,0,0,0,0,0,0
7&6&2Z&1112Z&22Z&1121Z&221Z&Z&Z&,0,0,0,0,0,0,0,0,0,0,0,0,0,1
7&6&2Z&1112Z&22Z&1121Z&221Z&Z&1Z&,0,0,0,0,0,0,0,0,0,1,0,0,0,0
7&6&2Z&1112Z&22Z&1121Z&2212Z&Z&1Z&,0,0,0,1,0,0,0,0,0,0,0,0,0,0
7&6&2Z&11121Z&22Z&1121Z&2212Z&Z&1Z&,0,0,0,0,0,1,0,0,0,0,0,0,0,0
7&6&2Z&11121Z&222Z&1121Z&2212Z&Z&1Z&,0,0,0,0,0,1,0,0,0,0,0,0,0,0
7&6&2Z&11121Z&2221Z&1121Z&2212Z&Z&1Z&,0,0,0,1,0,0,0,0,0,0,0,0,0,0
7&6&2Z&111212&2221Z&1121Z&2212Z&Z&1Z&,0,0,0,0,0,1,0,0,0,0,0,0,0,0
7&6&2Z&111212&22211Z&1121Z&2212Z&Z&1Z&,0,0,0,0,0,0,0,1,0,0,0,0,0,0
7&6&2Z&111212&22211Z&11212Z&2212Z&Z&1Z&,0,0,0,0,0,0,0,1,0,0,0,0,0,0
7&6&2Z&111212&22211Z&112121&2212Z&Z&1Z&,0,0,0,0,0,1,0,0,0,0,0,0,0,0
7&6&2Z&111212&222112&112121&2212Z&Z&1Z&,0,0,0,0,0,0,0,0,0,0,0,0,0,1
7&6&2Z&111212&222112&112121&2212Z&Z&11Z&,0,1,0,0,0,0,0,0,0,0,0,0,0,0
7&6&22Z&111212&222112&112121&2212Z&Z&11Z&,0,0,0,0,0,0,0,0,0,0,0,0,0,1
7&6&22Z&111212&222112&112121&2212Z&Z&111Z&,0,0,0,0,0,0,0,0,0,0,0,0,0,1
7&6&Z&Z&Z&11Z&Z&2Z&Z&,0,0,0,0,0,0,0,0,0,0,1,1,0,0
7&6&Z&Z&Z&11Z&Z&22Z&Z&,0,0,1,1,0,0,0,0,0,0,0,0,0,0
7&6&Z&1Z&Z&11Z&Z&22Z&Z&,0,0,0,0,0,0,0,0,0,0,1,1,0,0
7&6&Z&1Z&Z&11Z&Z&222Z&Z&,0,0,0,0,0,0,0,0,0,0,1,1,0,0
7&6&Z&Z&Z&1Z&Z&Z&2Z&,0,0,0,0,0,0,0,1,0,0,0,0,0,0
7&6&Z&Z&Z&11Z&Z&Z&2Z&,0,0,0,0,0,1,0,0,0,0,0,0,0,0
7&6&Z&Z&2Z&11Z&Z&Z&2Z&,0,0,0,0,0,0,0,1,0,0,0,0,0,0
7&6&Z&Z&2Z&111Z&Z&Z&2Z&,0,0,0,0,0,0,0,1,0,0,0,0,0,0
7&6&Z&Z&2Z&1112Z&Z&Z&2Z&,0,0,0,1,0,0,0,0,0,0,0,0,0,0
7&6&Z&1Z&2Z&1112Z&Z&Z&2Z&,0,0,0,0,0,1,0,0,0,0,0,0,0,0
7&6&Z&1Z&22Z&1112Z&Z&Z&2Z&,0,0,0,0,0,1,0,0,0,0,0,0,0,0
7&6&Z&1Z&221Z&1112Z&Z&Z&2Z&,0,0,0,0,0,0,0,0,0,0,0,0,0,1
7&6&Z&1Z&221Z&1112Z&Z&Z&22Z&,0,0,0,1,0,0,0,0,0,0,0,0,0,0
7&6&Z&11Z&221Z&1112Z&Z&Z&22Z&,0,0,0,0,0,0,0,0,0,0,0,0,0,1
7&6&Z&11Z&221Z&1112Z&Z&Z&222Z&,0,0,0,0,0,0,0,0,0,0,0,0,0,1
7&6&Z&11Z&221Z&1112Z&Z&Z&2221Z&,0,0,0,0,0,1,0,0,0,0,0,0,0,0
7&6&Z&11Z&2212Z&1112Z&Z&Z&2221Z&,0,0,0,0,0,0,0,0,0,1,0,0,0,0
7&6&Z&11Z&2212Z&1112Z&1Z&Z&2221Z&,0,0,0,0,0,0,0,1,0,0,0,0,0,0
7&6&Z&11Z&2212Z&11122Z&1Z&Z&2221Z&,0,0,0,1,0,0,0,0,0,0,0,0,0,0
7&6&Z&111Z&2212Z&11122Z&1Z&Z&2221Z&,0,0,0,1,0,0,0,0,0,0,0,0,0,0
7&6&Z&1112Z&2212Z&11122Z&1Z&Z&2221Z&,0,0,0,0,0,0,0,0,0,0,0,1,0,0
7&6&Z&1112Z&2212Z&11122Z&1Z&1Z&2221Z&,0,0,0,0,0,0,0,0,0,0,0,1,0,0
7&6&Z&1112Z&2212Z&11122Z&1Z&12Z&2221Z&,0,0,0,0,0,0,0,0,0,0,0,0,0,1
7&6&Z&1112Z&2212Z&11122Z&1Z&12Z&22211Z&,0,0,0,0,0,0,0,0,0,0,0,1,0,0
7&6&Z&1112Z&2212Z&11122Z&1Z&122Z&22211Z&,0,1,0,0,0,0,0,0,0,0,0,0,0,0
7&6&1Z&1112Z&2212Z&11122Z&1Z&122Z&22211Z&,0,0,0,0,0,0,0,0,0,0,0,1,0,0
7&6&1Z&1112Z&2212Z&11122Z&1Z&1222Z&22211Z&,0,0,0,0,0,0,0,0,0,0,0,1,0,0
7&6&1Z&1112Z&2212Z&11122Z&1Z&12221Z&22211Z&,0,0,0,0,0,0,0,0,0,0,0,1,0,0
7&6&Z&Z&2Z&1Z&Z&1Z&Z&,0,0,0,0,0,0,0,0,0,1,0,0,0,0
7&6&Z&Z&2Z&1Z&2Z&1Z&Z&,0,0,0,0,0,0,0,1,0,0,0,0,0,0
7&6&Z&Z&2Z&11Z&2Z&1Z&Z&,0,0,0,0,0,0,0,1,0,0,0,0,0,0
7&6&Z&Z&2Z&112Z&2Z&1Z&Z&,0,0,0,0,0,0,0,0,0,0,0,1,0,0
7&6&Z&Z&2Z&112Z&2Z&11Z&Z&,0,0,0,0,0,0,0,0,0,1,0,0,0,0
7&6&Z&Z&2Z&112Z&22Z&11Z&Z&,0,0,0,0,0,0,0,0,0,1,0,0,0,0
7&6&Z&Z&2Z&112Z&221Z&11Z&Z&,0,0,0,0,0,0,0,0,0,0,0,0,0,1
7&6&Z&Z&2Z&112Z&221Z&11Z&2Z&,0,0,0,0,0,1,0,0,0,0,0,0,0,0
7&6&Z&Z&21Z&112Z&221Z&11Z&2Z&,0,0,0,0,0,0,0,0,0,0,0,1,0,0
7&6&Z&Z&21Z&112Z&221Z&112Z&2Z&,0,0,0,0,0,0,0,0,0,0,0,0,0,1
7&6&Z&Z&21Z&112Z&221Z&112Z&21Z&,0,0,0,0,0,0,0,0,0,0,0,1,0,0
7&6&Z&Z&21Z&112Z&221Z&1122Z&21Z&,0,0,0,0,0,0,0,0,0,1,0,0,0,0
7&6&Z&Z&21Z&112Z&2211Z&1122Z&21Z&,0,0,0,0,0,0,0,0,0,0,0,1,0,0
7&6&Z&Z&21Z&112Z&2211Z&11222Z&21Z&,0,0,0,0,0,0,0,0,0,0,0,1,0,0
7&6&Z&Z&21Z&112Z&2211Z&112221&21Z&,0,0,0,0,0,0,0,1,0,0,0,0,0,0
7&6&Z&Z&21Z&1122Z&2211Z&112221&21Z&,0,0,0,0,0,0,0,0,0,1,0,0,0,0
7&6&Z&Z&21Z&1122Z&22111Z&112221&21Z&,0,0,0,0,0,0,0,0,0,1,0,0,0,0
7&6&Z&Z&22Z&11Z&Z&Z&Z&,0,0,0,0,0,0,0,1,0,0,0,0,0,0
7&6&Z&Z&22Z&111Z&Z&Z&Z&,0,0,0,0,0,0,0,1,0,0,0,0,0,0
7&6&Z&Z&22Z&1112Z&Z&Z&Z&,0,0,0,0,0,1,0,0,0,0,0,0,0,0
7&6&Z&Z&221Z&1112Z&Z&Z&Z&,0,0,0,0,0,0,0,0,0,0,0,1,0,0
7&6&Z&Z&221Z&1112Z&Z&2Z&Z&,0,0,0,0,0,0,0,0,0,0,0,1,0,0
7&6&Z&Z&221Z&1112Z&Z&21Z&Z&,0,0,0,0,0,0,0,0,0,0,0,1,0,0
7&6&Z&Z&221Z&1112Z&Z&212Z&Z&,0,0,0,1,0,0,0,0,0,0,0,0,0,0
7&6&Z&1Z&221Z&1112Z&Z&212Z&Z&,0,0,0,0,0,0,0,0,0,1,0,0,0,0
7&6&Z&1Z&221Z&1112Z&2Z&212Z&Z&,0,0,0,0,0,0,0,0,0,1,0,0,0,0
7&6&Z&1Z&221Z&1112Z&21Z&212Z&Z&,0,0,0,0,0,0,0,1,0,0,0,0,0,0
7&6&Z&1Z&221Z&11122Z&21Z&212Z&Z&,0,0,0,1,0,0,0,0,0,0,0,0,0,0
7&6&Z&11Z&221Z&11122Z&21Z&212Z&Z&,0,0,0,0,0,1,0,0,0,0,0,0,0,0
7&6&Z&11Z&2212Z&11122Z&21Z&212Z&Z&,0,0,0,1,0,0,0,0,0,0,0,0,0,0
7&6&Z&111Z&2212Z&11122Z&21Z&212Z&Z&,0,0,0,1,0,0,0,0,0,0,0,0,0,0
7&6&Z&2Z&Z&1Z&2Z&1Z&Z&,0,0,0,0,0,0,0,0,0,0,0,1,0,0
7&6&Z&2Z&Z&1Z&2Z&11Z&Z&,0,0,0,0,0,0,0,0,0,1,0,0,0,0
7&6&Z&2Z&Z&1Z&22Z&11Z&Z&,0,0,0,0,0,0,0,0,0,0,0,1,0,0
7&6&Z&2Z&Z&1Z&22Z&111Z&Z&,0,0,0,0,0,0,0,0,0,0,0,1,0,0
7&6&Z&Z&1Z&12Z&Z&Z&Z&,0,0,0,1,0,0,0,0,0,0,0,0,0,0
7&6&Z&2Z&1Z&12Z&Z&Z&Z&,0,0,0,0,0,0,0,0,0,1,0,0,0,0
7&6&Z&2Z&1Z&12Z&1Z&Z&Z&,0,0,0,0,0,0,0,0,0,1,0,0,0,0
7&6&2Z&Z&Z&1Z&Z&Z&Z&,0,0,0,0,0,0,0,0,0,2,0,0,0,0
7&6&2Z&Z&Z&1Z&1Z&Z&Z&,0,0,0,0,0,1,0,0,0,0,0,1,0,0
7&6&2Z&Z&2Z&1Z&1Z&Z&Z&,0,0,0,0,0,0,0,0,0,1,0,0,0,0
7&6&2Z&Z&2Z&1Z&11Z&Z&Z&,0,0,0,0,0,0,0,1,0,0,0,0,0,0
7&6&2Z&Z&2Z&12Z&11Z&Z&Z&,0,0,0,0,0,0,0,0,0,1,0,0,0,0
7&6&2Z&Z&2Z&12Z&111Z&Z&Z&,0,0,0,0,0,0,0,0,0,1,0,0,0,0
7&6&2Z&Z&2Z&12Z&1112Z&Z&Z&,0,0,0,0,0,0,0,0,0,0,0,1,0,0
7&6&2Z&Z&2Z&12Z&1112Z&1Z&Z&,0,0,0,0,0,0,0,0,0,0,0,0,0,1
7&6&2Z&Z&2Z&12Z&1112Z&1Z&2Z&,0,0,0,0,0,0,0,1,0,0,0,0,0,0
7&6&2Z&Z&2Z&121Z&1112Z&1Z&2Z&,0,1,0,0,0,0,0,0,0,0,0,0,0,0
7&6&22Z&Z&2Z&121Z&1112Z&1Z&2Z&,0,0,0,0,0,0,0,1,0,0,0,0,0,0
7&6&22Z&Z&2Z&1211Z&1112Z&1Z&2Z&,0,1,0,0,0,0,0,0,0,0,0,0,0,0
7&6&222Z&Z&2Z&1211Z&1112Z&1Z&2Z&,0,1,0,0,0,0,0,0,0,0,0,0,0,0
7&6&2221Z&Z&2Z&1211Z&1112Z&1Z&2Z&,0,0,0,0,0,0,0,1,0,0,0,0,0,0
7&6&2221Z&Z&2Z&12112Z&1112Z&1Z&2Z&,0,0,0,0,0,1,0,0,0,0,0,0,0,0
7&6&2221Z&Z&21Z&12112Z&1112Z&1Z&2Z&,0,0,0,0,0,0,0,0,0,0,0,0,0,1
7&6&2221Z&Z&21Z&12112Z&1112Z&1Z&22Z&,0,0,0,0,0,1,0,0,0,0,0,0,0,0
7&6&2221Z&Z&211Z&12112Z&1112Z&1Z&22Z&,0,0,0,0,0,1,0,0,0,0,0,0,0,0
7&6&1Z&Z&Z&12Z&Z&Z&Z&,0,0,0,0,1,1,0,0,0,0,0,0,0,0
7&6&1Z&Z&2Z&12Z&Z&Z&Z&,0,0,0,0,1,1,0,0,0,0,0,0,0,0
7&6&1Z&Z&21Z&12Z&Z&Z&Z&,0,0,0,0,1,1,0,0,0,0,0,0,0,0
7&6&1Z&Z&212Z&12Z&Z&Z&Z&,0,0,0,0,1,1,0,0,0,0,0,0,0,0
7&6&1Z&Z&2121Z&12Z&Z&Z&Z&,0,0,0,0,0,0,1,1,0,0,0,0,0,0
7&6&1Z&Z&2121Z&122Z&Z&Z&Z&,0,0,0,0,0,0,0,0,1,1,0,0,0,0
7&6&1Z&Z&2121Z&122Z&1Z&Z&Z&,0,0,0,0,0,0,1,1,0,0,0,0,0,0
7&6&1Z&Z&2121Z&1222Z&1Z&Z&Z&,0,0,0,0,0,0,1,1,0,0,0,0,0,0
7&6&Z&Z&Z&2Z&11Z&Z&Z&,0,0,0,1,0,0,0,0,0,0,0,0,0,0
7&6&Z&2Z&Z&2Z&11Z&Z&Z&,0,0,0,0,0,0,0,1,0,0,0,0,0,0
7&6&Z&2Z&Z&21Z&11Z&Z&Z&,0,0,0,0,0,0,0,0,0,1,0,0,0,0
7&6&Z&2Z&Z&21Z&112Z&Z&Z&,0,1,0,0,0,0,0,0,0,0,0,0,0,0
7&6&1Z&2Z&Z&21Z&112Z&Z&Z&,0,0,0,1,0,0,0,0,0,0,0,0,0,0
7&6&1Z&22Z&Z&21Z&112Z&Z&Z&,0,0,0,0,0,0,0,1,0,0,0,0,0,0
7&6&1Z&22Z&Z&211Z&112Z&Z&Z&,0,0,0,0,0,0,0,1,0,0,0,0,0,0
7&6&1Z&22Z&Z&2112Z&112Z&Z&Z&,0,0,0,1,0,0,0,0,0,0,0,0,0,0
7&6&1Z&221Z&Z&2112Z&112Z&Z&Z&,0,0,0,0,0,0,0,0,0,0,0,0,0,1
7&6&1Z&221Z&Z&2112Z&112Z&Z&2Z&,0,0,0,0,0,0,0,0,0,0,0,0,0,1
7&6&1Z&221Z&Z&2112Z&112Z&Z&21Z&,0,1,0,0,0,0,0,0,0,0,0,0,0,0
7&6&12Z&221Z&Z&2112Z&112Z&Z&21Z&,0,0,0,0,0,1,0,0,0,0,0,0,0,0
7&6&12Z&221Z&1Z&2112Z&112Z&Z&21Z&,0,0,0,1,0,0,0,0,0,0,0,0,0,0
7&6&12Z&2212Z&1Z&2112Z&112Z&Z&21Z&,0,0,0,0,0,0,0,0,0,0,0,0,0,1
7&6&12Z&2212Z&1Z&2112Z&112Z&Z&211Z&,0,1,0,0,0,0,0,0,0,0,0,0,0,0
7&6&122Z&2212Z&1Z&2112Z&112Z&Z&211Z&,0,0,0,0,0,0,0,0,0,0,0,0,0,1
7&6&122Z&2212Z&1Z&2112Z&112Z&Z&2111Z&,0,0,0,0,0,0,0,0,0,0,0,0,0,1
7&6&122Z&2212Z&1Z&2112Z&112Z&Z&21112Z&,0,1,0,0,0,0,0,0,0,0,0,0,0,0
7&6&1221Z&2212Z&1Z&2112Z&112Z&Z&21112Z&,0,0,0,1,0,0,0,0,0,0,0,0,0,0
7&6&1221Z&22122Z&1Z&2112Z&112Z&Z&21112Z&,0,0,0,0,0,0,0,0,0,0,0,0,0,1
7&6&1221Z&22122Z&1Z&2112Z&112Z&Z&211121,0,0,0,0,0,1,0,0,0,0,0,0,0,0
7&6&1221Z&22122Z&12Z&2112Z&112Z&Z&211121,0,0,0,0,0,0,0,1,0,0,0,0,0,0
7&6&1221Z&22122Z&12Z&21121Z&112Z&Z&211121,0,0,0,0,0,1,0,0,0,0,0,0,0,0
7&6&1221Z&22122Z&122Z&21121Z&112Z&Z&211121,0,0,0,0,0,1,0,0,0,0,0,0,0,0
7&6&1221Z&22122Z&1221Z&21121Z&112Z&Z&211121,0,0,0,0,0,1,0,0,0,0,0,0,0,0
7&6&2Z&Z&Z&1Z&1Z&2Z&Z&,0,0,0,1,0,0,0,0,0,0,0,0,0,0
7&6&2Z&1Z&Z&1Z&1Z&2Z&Z&,0,0,0,0,0,1,0,0,0,0,0,0,0,0
7&6&2Z&1Z&2Z&1Z&1Z&2Z&Z&,0,0,0,0,0,0,0,1,0,0,0,0,0,0
7&6&2Z&1Z&2Z&11Z&1Z&2Z&Z&,0,0,0,0,0,1,0,0,0,0,0,0,0,0
7&6&2Z&1Z&22Z&11Z&1Z&2Z&Z&,0,0,0,0,0,0,0,1,0,0,0,0,0,0
7&6&2Z&1Z&22Z&111Z&1Z&2Z&Z&,0,0,0,0,0,0,0,1,0,0,0,0,0,0
7&6&Z&Z&Z&11Z&2Z&Z&2Z&,0,0,0,0,0,0,1,1,0,0,0,0,0,0
7&6&Z&Z&Z&111Z&2Z&Z&2Z&,0,0,0,0,0,0,1,1,0,0,0,0,0,0
7&6&Z&Z&Z&1112Z&2Z&Z&2Z&,0,0,0,0,0,0,0,0,1,1,0,0,0,0
7&6&Z&Z&Z&1112Z&21Z&Z&2Z&,0,0,0,0,0,0,0,0,1,1,0,0,0,0
7&6&Z&Z&Z&1112Z&212Z&Z&2Z&,0,0,0,0,0,0,0,0,0,0,0,0,1,1
7&6&Z&Z&Z&1112Z&212Z&Z&21Z&,0,0,0,0,1,1,0,0,0,0,0,0,0,0
7&6&Z&Z&2Z&1112Z&212Z&Z&21Z&,0,0,0,0,1,1,0,0,0,0,0,0,0,0
7&6&Z&Z&21Z&1112Z&212Z&Z&21Z&,0,0,0,0,0,0,0,0,1,1,0,0,0,0
7&6&Z&Z&21Z&1112Z&2122Z&Z&21Z&,0,0,0,0,0,0,1,1,0,0,0,0,0,0
7&6&Z&Z&21Z&11121Z&2122Z&Z&21Z&,0,0,0,0,1,1,0,0,0,0,0,0,0,0
7&6&Z&Z&212Z&11121Z&2122Z&Z&21Z&,1,1,0,0,0,0,0,0,0,0,0,0,0,0
7&6&1Z&Z&212Z&11121Z&2122Z&Z&21Z&,0,0,0,0,0,0,0,0,1,1,0,0,0,0
7&6&1Z&Z&212Z&11121Z&21222Z&Z&21Z&,0,0,0,0,0,0,0,0,1,1,0,0,0,0
7&6&Z&Z&Z&1Z&Z&2Z&1Z&,0,0,0,0,0,0,0,0,0,0,0,1,0,0
7&6&Z&Z&Z&1Z&Z&22Z&1Z&,0,0,0,1,0,0,0,0,0,0,0,0,0,0
7&6&Z&1Z&Z&1Z&Z&22Z&1Z&,0,0,0,0,0,0,0,1,0,0,0,0,0,0
7&6&Z&1Z&Z&12Z&Z&22Z&1Z&,0,0,0,0,0,1,0,0,0,0,0,0,0,0
7&6&Z&1Z&1Z&12Z&Z&22Z&1Z&,0,0,0,0,0,1,0,0,0,0,0,0,0,0
7&6&Z&Z&12Z&21Z&Z&Z&Z&,0,0,0,0,0,0,0,0,0,0,1,1,0,0
7&6&Z&Z&12Z&21Z&Z&1Z&Z&,0,0,0,0,1,1,0,0,0,0,0,0,0,0
7&6&Z&Z&122Z&21Z&Z&1Z&Z&,0,0,0,0,1,1,0,0,0,0,0,0,0,0
7&6&Z&Z&1221Z&21Z&Z&1Z&Z&,0,0,0,0,0,0,1,1,0,0,0,0,0,0
7&6&Z&Z&1221Z&212Z&Z&1Z&Z&,0,0,0,0,0,0,0,0,0,0,1,1,0,0
7&6&Z&Z&1221Z&212Z&Z&11Z&Z&,0,0,0,0,0,0,1,1,0,0,0,0,0,0
7&6&Z&Z&1221Z&2122Z&Z&11Z&Z&,0,0,0,0,0,0,0,0,0,0,1,1,0,0
7&6&Z&Z&1221Z&2122Z&Z&111Z&Z&,0,0,0,0,0,0,0,0,0,0,1,1,0,0
7&6&Z&Z&1221Z&2122Z&Z&1112Z&Z&,0,0,0,0,0,0,1,1,0,0,0,0,0,0
7&6&Z&Z&1221Z&21221Z&Z&1112Z&Z&,0,0,1,1,0,0,0,0,0,0,0,0,0,0
7&6&Z&2Z&1221Z&21221Z&Z&1112Z&Z&,0,0,0,0,1,1,0,0,0,0,0,0,0,0
7&6&Z&2Z&12211Z&21221Z&Z&1112Z&Z&,0,0,0,0,1,1,0,0,0,0,0,0,0,0
7&6&Z&2Z&122112&21221Z&Z&1112Z&Z&,1,1,0,0,0,0,0,0,0,0,0,0,0,0
7&6&1Z&2Z&122112&21221Z&Z&1112Z&Z&,1,1,0,0,0,0,0,0,0,0,0,0,0,0
7&6&12Z&2Z&122112&21221Z&Z&1112Z&Z&,1,1,0,0,0,0,0,0,0,0,0,0,0,0
7&6&121Z&2Z&122112&21221Z&Z&1112Z&Z&,0,0,0,0,0,0,0,0,0,0,0,0,1,1
7&6&121Z&2Z&122112&21221Z&Z&1112Z&2Z&,0,0,0,0,0,0,0,0,0,0,0,0,1,1
7&6&121Z&2Z&122112&21221Z&Z&1112Z&21Z&,1,1,0,0,0,0,0,0,0,0,0,0,0,0
7&6&1212Z&2Z&122112&21221Z&Z&1112Z&21Z&,0,0,0,0,0,0,0,0,1,1,0,0,0,0
7&6&1212Z&2Z&122112&21221Z&1Z&1112Z&21Z&,0,0,0,0,0,0,0,0,1,1,0,0,0,0
7&6&1212Z&2Z&122112&21221Z&12Z&1112Z&21Z&,0,0,0,0,0,0,1,1,0,0,0,0,0,0
7&6&1212Z&2Z&122112&212211&12Z&1112Z&21Z&,0,0,0,0,0,0,0,0,0,0,1,1,0,0
7&6&1212Z&2Z&122112&212211&12Z&11122Z&21Z&,0,0,0,0,0,0,0,0,1,1,0,0,0,0
7&6&1212Z&2Z&122112&212211&121Z&11122Z&21Z&,0,0,0,0,0,0,0,0,1,1,0,0,0,0
7&6&1212Z&2Z&122112&212211&1212Z&11122Z&21Z&,0,0,0,0,0,0,0,0,1,1,0,0,0,0
7&6&Z&Z&Z&121Z&Z&Z&Z&,0,0,0,0,0,1,0,0,0,0,0,0,0,0
7&6&Z&Z&2Z&121Z&Z&Z&Z&,0,0,0,0,0,0,0,1,0,0,0,0,0,0
7&6&Z&Z&2Z&1211Z&Z&Z&Z&,0,0,0,0,0,0,0,0,0,0,0,1,0,0
7&6&Z&Z&2Z&1211Z&Z&2Z&Z&,0,0,0,0,0,1,0,0,0,0,0,0,0,0
7&6&Z&Z&21Z&1211Z&Z&2Z&Z&,0,1,0,0,0,0,0,0,0,0,0,0,0,0
7&6&2Z&Z&21Z&1211Z&Z&2Z&Z&,0,0,0,0,0,0,0,1,0,0,0,0,0,0
7&6&2Z&Z&21Z&12111Z&Z&2Z&Z&,0,0,0,0,0,0,0,1,0,0,0,0,0,0
7&6&Z&2Z&12Z&Z&1Z&Z&Z&,0,0,0,0,0,0,1,1,0,0,0,0,0,0
7&6&Z&2Z&12Z&1Z&1Z&Z&Z&,0,0,0,0,0,0,0,0,0,0,1,1,0,0
7&6&Z&2Z&12Z&1Z&1Z&2Z&Z&,0,0,0,0,0,0,1,1,0,0,0,0,0,0
7&6&Z&2Z&12Z&11Z&1Z&2Z&Z&,0,0,0,0,0,0,1,1,0,0,0,0,0,0
7&6&Z&2Z&12Z&112Z&1Z&2Z&Z&,0,0,0,0,1,1,0,0,0,0,0,0,0,0
7&6&Z&2Z&121Z&112Z&1Z&2Z&Z&,0,0,0,0,0,0,0,0,1,1,0,0,0,0
7&6&Z&2Z&121Z&112Z&12Z&2Z&Z&,0,0,0,0,1,1,0,0,0,0,0,0,0,0
7&6&Z&2Z&1211Z&112Z&12Z&2Z&Z&,0,0,0,0,0,0,0,0,1,1,0,0,0,0
7&6&Z&2Z&1211Z&112Z&122Z&2Z&Z&,0,0,0,0,1,1,0,0,0,0,0,0,0,0
7&6&Z&2Z&12111Z&112Z&122Z&2Z&Z&,0,0,0,0,1,1,0,0,0,0,0,0,0,0
7&6&Z&2Z&121112&112Z&122Z&2Z&Z&,0,0,1,1,0,0,0,0,0,0,0,0,0,0
7&6&Z&21Z&121112&112Z&122Z&2Z&Z&,0,0,0,0,0,0,1,1,0,0,0,0,0,0
7&6&Z&21Z&121112&1122Z&122Z&2Z&Z&,0,0,0,0,0,0,0,0,0,0,1,1,0,0
7&6&Z&21Z&121112&1122Z&122Z&21Z&Z&,0,0,0,0,0,0,0,0,1,1,0,0,0,0
7&6&Z&21Z&121112&1122Z&1222Z&21Z&Z&,0,0,0,0,0,0,0,0,1,1,0,0,0,0
7&6&Z&21Z&121112&1122Z&12221Z&21Z&Z&,0,0,0,0,0,0,1,1,0,0,0,0,0,0
7&6&Z&21Z&121112&11222Z&12221Z&21Z&Z&,0,0,0,0,0,0,1,1,0,0,0,0,0,0
7&6&Z&Z&Z&Z&1Z&2Z&Z&,0,0,0,0,0,0,0,0,0,1,0,0,0,0
7&6&Z&Z&Z&Z&11Z&2Z&Z&,0,0,0,0,0,1,0,0,0,0,0,0,0,0
7&6&Z&Z&2Z&Z&11Z&2Z&Z&,0,0,0,1,0,0,0,0,0,0,0,0,0,0
7&6&Z&1Z&2Z&Z&11Z&2Z&Z&,0,0,0,0,0,1,0,0,0,0,0,0,0,0
7&6&Z&1Z&22Z&Z&11Z&2Z&Z&,0,0,0,0,0,0,0,0,0,1,0,0,0,0
7&6&Z&1Z&22Z&Z&111Z&2Z&Z&,0,0,0,0,0,0,0,0,0,1,0,0,0,0
