State,Visits,Value
000000000000000000000000000000000000000100,40,0.1
000000000000000000000000000000000001000102,1,-1.0
000000000000000000000000000000010001002102,1,-1.0
000000000000000000000000200010010001002102,1,-1.0
000000000000000000000000200010011021002102,1,-1.0
000000000000000000000100220010011021002102,1,-1.0
000000000000002001000100220010011021002102,1,-1.0
000000020000002001000100220110011021002102,1,-1.0
000000020000002001200100220110011021002112,1,-1.0
000000020020002001200100220110011121002112,1,-1.0
000000000000000000000000000000000000000010,26,0.15384615384615385
000000000000000000000000000000000000001012,1,1.0
000000000000000000000000000000000100021012,2,0.0
000000000000000000000000100000020100021012,1,1.0
000000000000000000000000102000020110021012,1,1.0
000000000000000000020000102000020110021112,1,1.0
000001000000200000020000102000020110021112,1,1.0
000001000000200000020000102200120110021112,1,1.0
000001000000200000020000112200122110021112,1,1.0
000001000000200000122000112200122110021112,1,1.0
000001000000220000122000112200122110121112,1,1.0
000000000000000000000000000000000000001000,69,0.2173913043478261
000000000000000000000000000000000000001201,5,0.2
000000000000000000000000000000021000001201,1,1.0
000000000000000000000000100000021002001201,1,1.0
000000000000000000100000120000021002001201,1,1.0
000000000000000000100000120000021012201201,1,1.0
000000000000000000100010120002021012201201,1,1.0
000000000000000000100010120122021012201201,1,1.0
000000000001000000102010120122021012201201,1,1.0
000000000001020000102010120122021012201211,1,1.0
000000000001020000102010120122121012221211,1,1.0
000000200001020000102011120122121012221211,1,1.0
000000200001020010102211120122121012221211,1,1.0
000000000000000000000000000000000010000012,1,1.0
000000000000000000000000000200000110000012,1,1.0
000000000000000000000000001200000110020012,1,1.0
000000000000000000010000001200000110220012,1,1.0
000000000000000000000000000000010000001020,3,1.0
000000000000000001000000200000010000001020,1,1.0
000000000000000001000000200000010100021020,1,1.0
000000000010000001000000200000210100021020,1,1.0
000000000010000011000002200000210100021020,1,1.0
000000000010000011000002201000210100221020,1,1.0
000000000010000011020002201000210100221021,1,1.0
000000000210000011020002201000210110221021,1,1.0
000000000210000011021002201200210110221021,1,1.0
000000000210000011021012201202210110221021,1,1.0
000200000210010011021012201202210110221021,1,1.0
000200000210210011021012201202210110221121,1,1.0
000200100210210211021012201202210110221121,1,1.0
000200100210210211021012211202212110221121,1,1.0
000000000000000000000000000000000000000001,20,-0.4
000000000000000000000000000000001000000201,2,0.0
000000000000000000000000000000001000200211,1,-1.0
000000000000000000000000010002001000200211,1,-1.0
000000000000000000000000010002001000212211,1,-1.0
000000000000000000200010010002001000212211,1,-1.0
000000000000000000200010010002201010212211,1,-1.0
000000000000000000200011010002201210212211,1,-1.0
000000000000000000200011010202201211212211,1,-1.0
000000000000000210200011010202201211212211,1,-1.0
000000000000000210200011011222201211212211,1,-1.0
000000000000000000000000000000000001000000,7,-0.14285714285714288
000000000000000000000000000000000001001200,4,-1.0
000000000000000000000000000000012001001200,1,-1.0
000000000000000000000000020000012001101200,1,-1.0
000000000000000000000000000000000000010000,26,0.6153846153846154
000000000000000000000000000000000000010201,3,0.33333333333333337
000000000000000000000000000000001000210201,1,1.0
000000000000000000000000010000201000210201,1,1.0
000000000000000000000000010000201020211201,1,1.0
000000000000000000100000010002201020211201,1,1.0
000000000001000000100020010002201020211201,1,1.0
000000000000000000000000000000000010020001,1,-1.0
000000000000000000000000000000000011022001,1,-1.0
000000000000000000000000000100000011022201,1,-1.0
000000000000000000000000000000000000120100,2,0.0
000000000000000000000000000000010000122100,2,1.0
000000000000000000000001000000210000122100,1,1.0
000000000000000000000001000001210000122102,1,1.0
000000000000000010000001000001210020122102,1,1.0
000000000000000010001001000201210020122102,1,1.0
000000000200000010001001000201211020122102,1,1.0
000000000200000011001001200201211020122102,1,1.0
000000000220000011001001210201211020122102,1,1.0
000000000220000011101001210201211022122102,1,1.0
000000000000000000000000000000000000010102,4,0.5
000000000000000000000000000001000000210102,1,1.0
000000000000000000000000000001200000210112,1,1.0
000000000000000000000000000001200020211112,1,1.0
000000000000000000000000000000000000001102,2,-1.0
000000000000000000000000000000000100001122,1,-1.0
000000000000000000000000000000001100201122,1,-1.0
000000000000000000000000000000021110201122,1,-1.0
000000000000000000000000012000021110201122,1,-1.0
000000000000000000200000112000021110201122,1,-1.0
000000000002000001200000112000021110201122,1,-1.0
000000000002000001210000112000021110221122,1,-1.0
000000000022000001210000112000121110221122,1,-1.0
000000000022000011210002112000121110221122,1,-1.0
000000000222000011210002112100121110221122,1,-1.0
000000000000000000000000000000000000100000,15,-0.06666666666666665
000000000000000000000000000000000000120010,2,0.0
000000000000000000000010000002000000120010,1,-1.0
000000000000000000000010000002000201120010,1,-1.0
000000000000000100000010000002200201120010,1,-1.0
000000000000000100000010002002200201120110,1,-1.0
000000000000000100020010002002200201120111,1,-1.0
000000000000000000000000000000000000102010,2,0.0
000000000000000000000000000001000200102010,1,-1.0
000000000000000000000020000001000200102011,1,-1.0
000000000000000000000020100001020200102011,1,-1.0
000000000000000200000020101001020200102011,1,-1.0
000000000000000200020020101001020210102011,1,-1.0
000000002000000200020020101101020210102011,1,-1.0
000000000000000000000000000000000000010021,1,1.0
000000000000000000000000000000200100010021,1,1.0
000000000000000000000001000000200102010021,1,1.0
000000000000000000000101000020200102010021,1,1.0
000000000000000000000101000020200122011021,1,1.0
000000000000000000000101002020200122111021,1,1.0
000000000000000000000101002020220122111121,1,1.0
000000000000000000000000000000002000120101,1,-1.0
000000000000000000000000000000002010122101,1,-1.0
000000000000000000000000000000212010122101,1,-1.0
000000000000000000000000020100212010122101,1,-1.0
000000000000000000002000120100212010122101,1,-1.0
000000000000000000202001120100212010122101,1,-1.0
000000000000000000000000000000002000000110,1,-1.0
000000000000000000000000020000002000010110,1,-1.0
000000000000000000100000020000002000012110,1,-1.0
000000000000000000100000020000202100012110,1,-1.0
000000000000000000100000021000202100012112,1,-1.0
000000000000000000120001021000202100012112,1,-1.0
000000000000000010120001021000222100012112,1,-1.0
000000000000000011120001221000222100012112,1,-1.0
000000000000000011120001221000222121012112,1,-1.0
000000000000000011120001221210222121012112,1,-1.0
000000000000000000000000000000000000002110,3,1.0
000000000000000000000000000000010200002110,1,1.0
000000000000000000000000102000010200002110,1,1.0
000000000000000000000000102000010200122110,1,1.0
000000000000000000000001102000210200122110,1,1.0
000000000000000001000001102000212200122110,1,1.0
000000000010000001020001102000212200122110,1,1.0
000000000000000000000000000000000000212110,1,1.0
000000000000000000000001000000200000212110,1,1.0
000000000000000000000001000000210000212112,1,1.0
000000000000000000000001100000212000212112,1,1.0
000000000000000000100001120000212000212112,1,1.0
000000000000000001100001120000212200212112,1,1.0
000000000010000001100001120002212200212112,1,1.0
000000000000000000000000000000100000021000,2,1.0
000000000000000000000000000000110000021200,1,1.0
000000000000000000000000200000111000021200,1,1.0
000000000000000000000000220000111000121200,1,1.0
000000000000000000000010220002111000121200,1,1.0
000000000000000002000010220002111001121200,1,1.0
000100000020000002000010220002111001121200,1,1.0
000100000020000002000011220002111001121202,1,1.0
000100000020000002000011220002111101121222,1,1.0
000000000000000000000000000000000000110020,1,1.0
000000000000000000000000000000000000111220,1,1.0
000000000000000000000000000000020001111220,1,1.0
000000000000000000000000000000001000000120,1,1.0
000000000000000000000000020000001000010120,1,1.0
000000000000000000000000020000101000210120,1,1.0
000000000000000000200000020001101000210120,1,1.0
000010000002000000200000020001101000210120,1,1.0
000010000002000000200000020001101000211122,1,1.0
000010000002000000200020020001111000211122,1,1.0
000000000000000000000000000000000000201100,2,0.0
000000000000000000000000000000012000201100,1,-1.0
000000000000000000000000010000012000201120,1,-1.0
000000000000000000000000210000012000201121,1,-1.0
000000000000000000200000210000012100201121,1,-1.0
000000000010000002200000210000012100201121,1,-1.0
000000000010000002200000210000112100221121,1,-1.0
000200000010000002200000210000112110221121,1,-1.0
000200000010000012200002210000112110221121,1,-1.0
000200000011000012200002210002112110221121,1,-1.0
000000000000000000000000000000000000001021,2,0.0
000000000000000000000000000000000010201021,1,1.0
000000000000000000001000000200000010201021,1,1.0
000000000000000000001000001200000210201021,1,1.0
000000000000000000011000001200000210221021,1,1.0
000000000000100000011000001202000210221021,1,1.0
000001000000100000011000001202020210221021,1,1.0
000000000000000000000000000000010000002100,5,0.2
000000000000000000000000200000011000002100,1,-1.0
000000000000000000100000220000011000002100,1,-1.0
000000000000000000100000220000011000212100,1,-1.0
000000000010000002100000220000011000212100,1,-1.0
000000000010000002100000220000111000212102,1,-1.0
000000000010000002100001220002111000212102,1,-1.0
000000000010000022100001220002111001212102,1,-1.0
000000000210000022100001220002111011212102,1,-1.0
000000000210000022100011220202111011212102,1,-1.0
000000000210000222100011220202111011212112,1,-1.0
000000000000000000000000000000010000002001,1,-1.0
000000000000000000000000000000010000212001,1,-1.0
000000000000000000000000000000110000212201,1,-1.0
000000000000000000000000100000112000212201,1,-1.0
000000000000000001000002100000112000212201,1,-1.0
000000000020000001000002100000112010212201,1,-1.0
000000000020000001100002120000112010212201,1,-1.0
000000000021000001100002120002112010212201,1,-1.0
000000000021000011100022120002112010212201,1,-1.0
000000000000000000000000000000000000201010,1,-1.0
000000000000000000000000000000001000201210,1,-1.0
000000000000000000000000020000001000201211,1,-1.0
000000000000000000000000020000021010201211,1,-1.0
000000000000000000000000220100021010201211,1,-1.0
000000000000000000002000220101021010201211,1,-1.0
000000000010000002002000220101021010201211,1,-1.0
000000000011000002202000220101021010201211,1,-1.0
000000000011020002202010220101021010201211,1,-1.0
000200000011020102202010220101021010201211,1,-1.0
000200002011020102202010220101021011201211,1,-1.0
000220002011020102202010220111021011201211,1,-1.0
000220202011020102202010220111021111201211,1,-1.0
000220202011020102202110222111021111201211,1,-1.0
000000000000000000000000000000000000020101,1,-1.0
000000000000000000000000010000002000020101,1,-1.0
000000000000000000000000010000002100020121,1,-1.0
000000000000000000100000010000002120020121,1,-1.0
000000000000000000100000012100002120020121,1,-1.0
000000000000000000102000012100002120021121,1,-1.0
000000000001000000102000012100202120021121,1,-1.0
000020000001000000102000012100212120021121,1,-1.0
000020000001000000112002012100212120021121,1,-1.0
000000000000000000000000000000000000012010,3,0.3333333333333333
000000000000000000000000000000020001012010,1,-1.0
000000000000000001000000200000020001012010,1,-1.0
000000000020000001000000200000120001012010,1,-1.0
000000000020000001000002200000120001012110,1,-1.0
000000000020000001000002201000120201012110,1,-1.0
000000000020000011000002201000122201012110,1,-1.0
000000000020000011010002221000122201012110,1,-1.0
000000000020100011210002221000122201012110,1,-1.0
000002000021100011210002221000122201012110,1,-1.0
000122000021100011210002221000122201012110,1,-1.0
000122000021100011210102221020122201012110,1,-1.0
000122000021100011210102221020122211012112,1,-1.0
000122000021101011210102221220122211012112,1,-1.0
000122020021101011211102221220122211012112,1,-1.0
000122020221101011211102221220122211112112,1,-1.0
000122020221121011211102221221122211112112,1,-1.0
002122020221121011211112221221122211112112,1,-1.0
000000000000000000000000000000000200000110,1,-1.0
000000000000000000000000000000000200102110,1,-1.0
000000000000000000000000000000012200102110,1,-1.0
000000000000000000000000102000012200102110,1,-1.0
000000000000000001020000102000012200102110,1,-1.0
000000000000000000000000000000001000010200,1,1.0
000000000000000000000000000000201000011200,1,1.0
000000000000000000000000100000221000011200,1,1.0
000000000000000000000001100000221002011200,1,1.0
000000000000000010000001120000221002011200,1,1.0
000000000000000011000001120000221002011220,1,1.0
000000000010000011000001120020221002011220,1,1.0
000200000010000011000101120020221002011220,1,1.0
000200010010002011000101120020221002011220,1,1.0
000200010010002011000101120021221002211220,1,1.0
000200010010002011000111120021221002211222,1,1.0
000000000000000000000000000000000000021001,4,-0.5
000000000000000000000000000000000000221101,1,-1.0
000000000000000000000000000000001000221121,1,-1.0
000000000000000000000000000001201000221121,1,-1.0
000000000000000010000002000001201000221121,1,-1.0
000000000000000010000002100001221000221121,1,-1.0
000000000000000010000002120001221010221121,1,-1.0
000000000100000012000002120001221010221121,1,-1.0
000000000120000012100002120001221010221121,1,-1.0
000200000120000012100002120101221010221121,1,-1.0
000200000120010012102002120101221010221121,1,-1.0
000200100120010012102002120101221210221121,1,-1.0
000200100120010012102002121101221212221121,1,-1.0
000000000000000000000000000000010000001002,4,0.5
000000000000000000000000000100010020001002,1,-1.0
000000000000000000000000000100010020201102,1,-1.0
000000000000000000000000000100010120201122,1,-1.0
000000000000000000010000002100010120201122,1,-1.0
000000000000000000010000002100010121221122,1,-1.0
000000000000000000011000202100010121221122,1,-1.0
000000000000000000011000212100012121221122,1,-1.0
000000000000020001011000212100012121221122,1,-1.0
000000000000020001211000212101012121221122,1,-1.0
000000000000000000000000000000000000021010,1,-1.0
000000000000000000010000002000000100021012,1,-1.0
000000000000100000010000002000000102021012,1,-1.0
000000000000100000010000002000020102121012,1,-1.0
000000000000100000010000002012020102121012,1,-1.0
000000000000100000010010002012220102121012,1,-1.0
000002000000100000010010002012220102121112,1,-1.0
000000000000000000000000000000000002001010,3,-0.3333333333333333
000000000000000000000000000000000002001112,2,-1.0
000000000000000000000000000000010002021112,1,-1.0
000000000000000000000000000000211002021112,1,-1.0
000000000000000000000002000000211012021112,1,-1.0
000000000000000000000000000000000010100002,1,1.0
000000000000000000000000000100000010102002,1,1.0
000000000000000000000000000100020010102012,1,1.0
000000000000000001000000200100020010102012,1,1.0
000000000000000001000000200100020211102012,1,1.0
000000000000000001001000202100020211102012,1,1.0
000000000000010001021000202100020211102012,1,1.0
000000000000000000000000000000000000112000,2,0.0
000000000000000000000001000000200000112000,1,1.0
000000000000000000000001000002200000112010,1,1.0
000000000000000010000001000002220000112010,1,1.0
000000000100000010000001000002220200112010,1,1.0
002000000100000010000001100002220200112010,1,1.0
002000000100000010000001100002220210112012,1,1.0
002000000100000011000001100202220210112012,1,1.0
002000000120000011000001101202220210112012,1,1.0
002000000120000011000001101212220212112012,1,1.0
002000000120000011020011101212220212112012,1,1.0
002000000120000011021211101212220212112012,1,1.0
002100000120200011021211101212220212112012,1,1.0
002100000120200011021211101212221212112212,1,1.0
000000000000000000000000000000000200001010,2,1.0
000000000000000000000000001000000200001210,1,1.0
000000000000000000000000001000012200001210,1,1.0
000000000000000000000000001010012202001210,1,1.0
000000000000000000020000101010012202001210,1,1.0
000000000000000001020000121010012202001210,1,1.0
000000000000000000000000000000000000210001,1,-1.0
000000000000000000000000000000100000212001,1,-1.0
000000000000000000000000000000110002212001,1,-1.0
000000000000000000000001200000110002212001,1,-1.0
000000000000000021000001200000110002212001,1,-1.0
000000000000000021000001200020110012212001,1,-1.0
000000000000000021000001200220110012212011,1,-1.0
000000000010000021000001200222110012212011,1,-1.0
000000000210000021000001200222110112212011,1,-1.0
000000000210000021000201201222110112212011,1,-1.0
000000000000000000000000000000000000021100,1,-1.0
000000000000000000000000000000002000021101,2,-1.0
000000000000000000000000000000102000021121,1,-1.0
000000000000000000000000000000122010021121,1,-1.0
000000000000000000000002000000122010121121,1,-1.0
000000000100000020000002000000122010121121,1,-1.0
000000000000000000000000000000000001002001,1,-1.0
000000000000000000000000000000010001022001,1,-1.0
000000000000000000000000000000010001022211,1,-1.0
000000000000000000000000000000010100021020,2,1.0
000000000000000000000000000000110100021022,1,1.0
000000000000000000000000000000110121021022,1,1.0
000000000000000000001000000200110121021022,1,1.0
000000000000000000001000200200110121121022,1,1.0
000000000000000000001010200202110121121022,1,1.0
000000000000000000001010200202111121121222,1,1.0
000000000000000000000000000000000000011002,3,1.0
000000000000000000000000000000200000011012,1,1.0
000000000000000000000000000000200100011212,1,1.0
000000000000000000000000001000200120011212,1,1.0
000000000000000000010000001000200122011212,1,1.0
000000000000000000000000000000000000101200,1,1.0
000000000000000000000000000000000000101221,1,1.0
000000000000000000000000000000020000111221,1,1.0
000000000000000000000000000002020001111221,1,1.0
000000000000000000000000000010000002001210,1,1.0
000000000000000000000000000010012002001210,1,1.0
000000000000000000100000020010012002001210,1,1.0
000000000000000000100000220010012002001211,1,1.0
000000000000000000100000221010012202001211,1,1.0
000000000010000002100000221010012202001211,1,1.0
000000000011000002100000221010012222001211,1,1.0
000000000011000002110000221210012222001211,1,1.0
000000000011200002111000221210012222001211,1,1.0
000000000011210002111000221210012222021211,1,1.0
000000000011210002111001221210212222021211,1,1.0
000001200011210002111001221210212222021211,1,1.0
000101200011210002111001221210212222221211,1,1.0
000101200011210002111011221212212222221211,1,1.0
000101200111210022111011221212212222221211,1,1.0
002101200111210022111111221212212222221211,1,1.0
002101201111210222111111221212212222221211,1,1.0
000000000000000000000000000010002001001200,1,-1.0
000000000000000000000000000010022001011200,1,-1.0
000000000000000000000000000010022001211201,1,-1.0
000000000000000000000100000010222001211201,1,-1.0
000000000000000000000000000000010000001200,6,0.6666666666666666
000000000000000000000000200000010000101200,1,1.0
000000000000000000000000200000012001101200,1,1.0
000000000000000000000000200000012001111202,1,1.0
000000000000000000000000000000010020021001,1,1.0
000000000000000000000000000000010120021021,1,1.0
000000000000000000000000200000110120021021,1,1.0
000000000000000000010000202000110120021021,1,1.0
000000000000000002010000202000110121021021,1,1.0
000000000000000002010100202020110121021021,1,1.0
000100000020000002010100202020110121021021,1,1.0
000100000020002002010101202020110121021021,1,1.0
000100000020102022010101202020110121021021,1,1.0
000101020020102022010101202020110121021021,1,1.0
000101020020102022010101202020111121021221,1,1.0
000000000000000000000000000000020001001210,1,-1.0
000000000000000000000000000000022001011210,1,-1.0
000000000000000000000000000000022101211210,1,-1.0
000000000000000000000000010002022101211210,1,-1.0
000000000000000000000000200000010000001102,1,1.0
000000000000000002000000200000010000011102,1,1.0
000000000000000002000000200000010000111122,1,1.0
000000000000000000000000000000000000011200,2,1.0
000000000000000000000000000000021000011200,1,1.0
000000000000000000000000200000021000111200,1,1.0
000000000000000000000000200002021001111200,1,1.0
000000000000000000000000000000010000012000,4,0.5
000000000000000000000000000000110000012002,1,1.0
000000000000000000000002000000110000012102,1,1.0
000000000000000001000002200000110000012102,1,1.0
000000000000000001000002200000112010012102,1,1.0
000000000000000021000002200000112010012112,1,1.0
001000000200000021000002200000112010012112,1,1.0
001000000200000021000002200100112012012112,1,1.0
001000000200000021000002200110112012212112,1,1.0
001000000200000021001002200112112012212112,1,1.0
001000000200010021001022200112112012212112,1,1.0
000000000000000000000000000000001000001200,4,-0.5
000000000000000000000000010000001000201200,1,-1.0
000000000000000000000000010000021000201201,1,-1.0
000000000000000000000000010100021020201201,1,-1.0
000000000000000000200000010100021020201211,1,-1.0
000000000000000000201000210100021020201211,1,-1.0
000000000000000002201000210100021120201211,1,-1.0
000000000000000000000000000000000000002011,2,-1.0
000000000000000000000000000000000010022011,1,-1.0
000000000000000000000000000000000011222011,1,-1.0
000000000000000000000000010000002000001201,2,0.0
000000000000000000000000010000022010001201,1,-1.0
000000000000000000000000210100022010001201,1,-1.0
000000000000000000102000210100022010001201,1,-1.0
000000000010000002102000210100022010001201,1,-1.0
000000000012000002102000210100022010011201,1,-1.0
000000000012000002102000210100222011011201,1,-1.0
000000000012000002102000210101222011211201,1,-1.0
000000000012000002102020210111222011211201,1,-1.0
000000000012000202102120210111222011211201,1,-1.0
000000000000000000000000000000200000011000,3,1.0
000000000000000000000000000000210000011200,1,1.0
000000000000000000000000200000210000111200,1,1.0
000000000000000000000001200000210002111200,1,1.0
000000000000000020000001200000211002111200,1,1.0
000000000000000020000001200000211012111202,1,1.0
000000000000000022000001210000211012111202,1,1.0
000000000200000022000001210000211012111212,1,1.0
000000000220000022000001210000211112111212,1,1.0
000000000000000000000000000000000200012011,1,1.0
000000000000000000010000002000000200012011,1,1.0
000000000000000000010000002000020210012011,1,1.0
000000000000000000010000202100020210012011,1,1.0
000000000000000001012000202100020210012011,1,1.0
000000000000000001012000202100021210012211,1,1.0
000000000000000001012001202100221210012211,1,1.0
000000000000100021012001202100221210012211,1,1.0
000000000020100021012001202100221211012211,1,1.0
000001000020100021012001202120221211012211,1,1.0
000001000020100021012201212120221211012211,1,1.0
000001000021100021212201212120221211012211,1,1.0
000000000000000000000000000000000002001100,2,1.0
000000000000000000000000000000000002021110,1,1.0
000000000000000000000000000000020002021111,1,1.0
000000000000000000000001000000200000011200,1,1.0
000000000000000000000001000000201002011200,2,1.0
000000000000000000000001000000211002011202,1,1.0
000000000000000000100001020000211002011202,1,1.0
000000000000000000100001220000211012011202,1,1.0
000000000010000002100001220000211012011202,1,1.0
000100000012000002100001220000211012011202,1,1.0
000100000012000002100001220000211112011222,1,1.0
000000000000000000000000000000000000020011,1,1.0
000000000000000000000000000000000000122011,1,1.0
000000000000000000000000000000010020122011,1,1.0
000000000000000000000000000000110020122211,1,1.0
000000000000000000000000000002110120122211,1,1.0
000000000000000000000000010002112120122211,1,1.0
000000000000000000100000012002112120122211,1,1.0
000000000000000001100000212002112120122211,1,1.0
000000000000000000000000000000000001010200,1,1.0
000000000000000000000000000000000001012201,1,1.0
000000000000000000000000000000102001012201,1,1.0
000000000000000000000000000000122001112201,1,1.0
000000000000000000000000100000122021112201,1,1.0
000000000000000000000001100200122021112201,1,1.0
000000000000000012000001100200122021112201,1,1.0
000000000000000000000000200000010000101020,1,1.0
000000000000000000000000200000010000111022,1,1.0
000000000000000000000000200000010001111222,1,1.0
000000000000000000000000000000020001001000,2,-1.0
000000000000000000000000000000020001011002,1,-1.0
000000000000000000000000000000020011211002,1,-1.0
000000000000000000000000200000020011211102,1,-1.0
000000000000000000000000200001020011211122,1,-1.0
000000000000000001000000200001022011211122,1,-1.0
000000000000000001000000200001122211211122,1,-1.0
000000000000000001000002201001122211211122,1,-1.0
000000000000000000000000000000001000002100,7,0.7142857142857143
000000000000000000000000100000021000002100,2,1.0
000000000000000000000000110000021000002102,1,1.0
000000000000000000100000110000021020002102,1,1.0
000000000000000000000000000000020000011000,4,0.0
000000000000000000000000000000020000211010,1,-1.0
000000000000000000000000000000020100211210,1,-1.0
000000000000000000000000001000022100211210,1,-1.0
000000000000000000020000011000022100211210,1,-1.0
000000000000000000020000011001022100211212,1,-1.0
000000000000000000020020111001022100211212,1,-1.0
000000000000100002020020111001022100211212,1,-1.0
000000000000100102220020111001022100211212,1,-1.0
000001002000100102220020111001022100211212,1,-1.0
000001002002100102220020111001022101211212,1,-1.0
020001002002100102220020111001022111211212,1,-1.0
020011002002100102220020111201022111211212,1,-1.0
000000000000000000000000000000020000001010,3,1.0
000000000000000000000000000000020100021010,1,1.0
000000000000000000000000001000220100021010,1,1.0
000000000000000000020000001000220100021011,1,1.0
000000000000000000020001001000220100021211,1,1.0
000000000000000000020001011000222100021211,1,1.0
000000000000000000220001111000222100021211,1,1.0
000000000000000000000000000000010000201021,1,-1.0
000000000000000000000000200000010100201021,1,-1.0
000000000000000001000000200000010120201021,1,-1.0
000000000000000001001000200200010120201021,1,-1.0
000000000000000001001000202200010120211021,1,-1.0
000000000000000001001000202200210120211121,1,-1.0
000000000000000001001001202200210122211121,1,-1.0
000000000000000011001001202220210122211121,1,-1.0
000000000100000011001201202220210122211121,1,-1.0
000000000000000000000000000000000000000112,2,-1.0
000000000000000000000000000000001000002112,1,-1.0
000000000000000000000000020000011000002112,1,-1.0
000000000000000000100000020000011200002112,1,-1.0
000000000000000000100000022000011200102112,1,-1.0
000000000000000000100000222001011200102112,1,-1.0
000000000000000000000000000000000100001020,3,1.0
000000000000000000000000200000010100021120,1,1.0
000000000000000000000001200000210100021120,1,1.0
000000000000000010000001200000212100021120,1,1.0
000000000100000010000001220000212100021120,1,1.0
001000000100000010200001220000212100021120,1,1.0
000000000000000000000000000000010000012201,1,1.0
000000000000000000000000010000012000012201,1,1.0
000000000000000000200000010000112000012201,1,1.0
000000000000000000200000110000112020012201,1,1.0
000000000000000001200000110200112020012201,1,1.0
000000000010000001202000110200112020012201,1,1.0
000000000000000000000000000000000010012102,1,-1.0
000000000000000000000000000000102010012102,1,-1.0
000000000000000000000000020100102010012102,1,-1.0
000000000000000000200001020100102010012102,1,-1.0
000000000000000000000000000000000000200110,2,-1.0
000000000000000000000000000000000001202110,1,-1.0
000000000000000000000000000000002001212110,1,-1.0
000000000000000000000000000000122001212110,1,-1.0
000000000000000000000002000000122101212110,1,-1.0
000000000000000020000002010000122101212110,1,-1.0
000000000000000020000002010002122101212111,1,-1.0
000000000100000020000002012002122101212111,1,-1.0
000000000100000020000022012002122111212111,1,-1.0
000000000000000000000000000000000000011020,3,0.3333333333333333
000000000000000000000000000000000001211020,1,1.0
000000000000000000000000000000010001211220,1,1.0
000000000000000000000000000001010201211220,1,1.0
000000000000000000010000002001010201211220,1,1.0
000000000000000000010000102001210201211220,1,1.0
000000000000000001010000102001210201211222,1,1.0
000000000000000000000000000000200000010010,1,-1.0
000000000000000000000002000000200000011010,1,-1.0
000000000000000000000002000000200000111210,1,-1.0
000000000000000010000002000000200002111210,1,-1.0
000000000000000010000002000001202002111210,1,-1.0
000000000000000010000002010001202202111210,1,-1.0
000000000000000000000000000000000001200100,1,1.0
000000000000000000000000000010000001202100,1,1.0
000000000000000000000010000012000001202100,1,1.0
000000000000000000000110000012002001202100,1,1.0
000000000000001000000110000012022001202100,1,1.0
000000000000000000000000000000000001002100,1,1.0
000000000000000000000000000020010001002100,1,1.0
000000000000001000000200000020010001002100,1,1.0
000000000000001000000200200020011001002100,1,1.0
000000000000001001000200220020011001002100,1,1.0
000000000010001001000200220020011001002102,1,1.0
000000000010001001000200220120011021002102,1,1.0
000000000010001001100200220120011021202102,1,1.0
000000000010001001100200220122011021202112,1,1.0
000000000010001101100220220122011021202112,1,1.0
000000000010001101100220220122011121222112,1,1.0
000000000010001101100221220122211121222112,1,1.0
000000000000000000000000000000000000012001,2,-1.0
000000000000000000000000000000200000112001,2,-1.0
000000000000000000000000000000220010112001,1,-1.0
000000000000000000000000100200220010112001,1,-1.0
000000000000000000002000100200220010112011,1,-1.0
000000000000020000002000100201220010112011,1,-1.0
000000000000000000000000000000000000110200,1,-1.0
000000000000000000000001000000200000110200,1,-1.0
000000000000000020000001000000200000111200,1,-1.0
000000000000000020000001000000201002111200,1,-1.0
000000000000000020000001000021201002111200,1,-1.0
000000000000001020000201000021201002111200,1,-1.0
000000000000001020000211000021221002111200,1,-1.0
000000000000001220000211100021221002111200,1,-1.0
000000000000001220100211120021221002111200,1,-1.0
000000000100001222100211120021221002111200,1,-1.0
000000001100001222100211120021221002111202,1,-1.0
000000001120001222100211120021221012111202,1,-1.0
002100001120001222100211120021221012111202,1,-1.0
012100021120001222100211120021221012111202,1,-1.0
012100021122001222100211120121221012111202,1,-1.0
012100021122001222102211120121221012111212,1,-1.0
012100021122021222102211120121221112111212,1,-1.0
012100221122021222102211121121221112111212,1,-1.0
000000000000000000000000000000000000211102,1,1.0
000000000000000000000000000000020000211112,2,1.0
000000000000000000000000010000012000002100,1,-1.0
000000000000000000100000010000012002002100,1,-1.0
000000000002000000100000010000012002012100,1,-1.0
000000000002000000100000010000212002012110,1,-1.0
000020000002000000100000010000212002012111,1,-1.0
000020000002000000100002010000212012012111,1,-1.0
000020000002000020100002010100212012012111,1,-1.0
000000000000000000000000000000002100000112,1,-1.0
000000000000000000000000000000002100012112,1,-1.0
000000000000000000000000001000202100012112,1,-1.0
000000000000000000020001001000202100012112,1,-1.0
000000000000000000020001021000212100012112,1,-1.0
000000000000000010220001021000212100012112,1,-1.0
000000000000000000000000000000200001011200,1,1.0
000000000000000000000000000000210001211200,1,1.0
000000000000000000000000100000210001211202,1,1.0
000000000000000001000000100000212001211202,1,1.0
000000000000000000000000000000102000010201,1,1.0
000000000000000000100000020000102000010201,1,1.0
000000000000000000100001020000102000210201,1,1.0
000000000000000020100001020000102010210201,1,1.0
000000000000000020100011020002102010210201,1,1.0
000000000000000120100011020202102010210201,1,1.0
000000001000000120100011020202102012210201,1,1.0
010000001000000120100011020202102012210221,1,1.0
000000000000000000000000000000001000201201,1,1.0
000000000000000000000000010002001000201201,1,1.0
000000000000000000000000010002021010201201,1,1.0
000000000000000000100000010202021010201201,1,1.0
000000000002000000100000010202021010201211,1,1.0
000000000002000100100020010202021010201211,1,1.0
000000000002000100100020110202021012201211,1,1.0
000000000002000101102020110202021012201211,1,1.0
000000000002020101102020110202021112201211,1,1.0
000000000000000000000000000000000010021201,1,-1.0
000000000000000000000000000200100010021201,1,-1.0
000000000000000000000000000200120011021201,1,-1.0
000000000000000000000002100200120011021201,1,-1.0
000000000000000020000002100210120011021201,1,-1.0
000000000100000022000002100210120011021201,1,-1.0
000000000120000022000102100210120011021201,1,-1.0
001000000120002022000102100210120011021201,1,-1.0
001200000120002022000102100210121011021201,1,-1.0
001200000120002022002102100210121011121201,1,-1.0
001200100120022022002102100210121011121201,1,-1.0
001200100120022022002102100211121011121221,1,-1.0
101200120120022022002102100211121011121221,1,-1.0
101200120120022122002122100211121011121221,1,-1.0
111200122120022122002122100211121011121221,1,-1.0
111200122120022122002122110211121211121221,1,-1.0
111200122120022122202122111211121211121221,1,-1.0
000000000000000000100000010000022000001201,1,1.0
000000000000000000100000010000122000021201,1,1.0
000000000001000000100000210000122000021201,1,1.0
000020000001000000100000210000122010021201,1,1.0
000020000001000001100000210200122010021201,1,1.0
000020000001000001100002210200122010021211,1,1.0
000020000001000001100002211200122210021211,1,1.0
000020000021000001110002211200122210021211,1,1.0
000020000021000021111002211200122210021211,1,1.0
000000000000000000000000000000000000010120,1,-1.0
000000000000000000000000000000000100210120,2,0.0
000000000000000000000000000000102100210120,1,-1.0
000000000000000000000000020000102100210121,1,-1.0
000000000000000000000000022001102100210121,1,-1.0
000000000000000000200000022001102110210121,1,-1.0
000000000000000000000000000000001000000102,1,1.0
000000000000000000000000000000001001020102,1,1.0
000000000000000000100000020000001001020102,1,1.0
000000000002000000100000020000001001120102,1,1.0
000000000002000000100001020000201001120102,1,1.0
000000000002000000100001020002201011120102,1,1.0
000000000002000100100021020002201011120102,1,1.0
000000000002000100101021020202201011120102,1,1.0
000000001002000100101021020222201011120102,1,1.0
020000001002000100101021020222201011120112,1,1.0
020000001002000100101021020222211011122112,1,1.0
000000000000000000000000000010000001201200,1,-1.0
000000000000000000000200000010001001201200,1,-1.0
000000000000000000000210000012001001201200,1,-1.0
000000000000000000100210020012001001201200,1,-1.0
000000000002000000100210020012001001201201,1,-1.0
000000000002001000100210020012021001201201,1,-1.0
000020000002001000100210020012021001211201,1,-1.0
000020000002001000100210120012221001211201,1,-1.0
000020000002001100100212120012221001211201,1,-1.0
000000000000000000000000000000000002000101,1,1.0
000000000000000000000000000000001002000121,1,1.0
000000000000000000000000000000001002012121,1,1.0
000000000000000000000000000000101022012121,1,1.0
000000000000000000000000001000101222012121,1,1.0
000000000000000000000002011000101222012121,1,1.0
000000000000000000200002011000111222012121,1,1.0
000000000000000000220002111000111222012121,1,1.0
000000000000000002220002111100111222012121,1,1.0
000000000000000000000000000001000000201000,1,1.0
000000000000000000000020000001000000201001,1,1.0
000000000000000000000020000001010000201201,1,1.0
000000000000000000000020100001010000201221,1,1.0
000000000000000002000020100001010010201221,1,1.0
000000000000000002000020100101010210201221,1,1.0
000000000020000002001020100101010210201221,1,1.0
000000000000000000000000000000020000211001,1,1.0
000000000000000000000000000002020000211011,1,1.0
000000000000000000000000000002120000211211,1,1.0
000000000000000000000000000002120120211211,1,1.0
000000000000000000000002001002120120211211,1,1.0
000000000000000000020002001102120120211211,1,1.0
000000000000000020020002001102121120211211,1,1.0
000000000000000020022002011102121120211211,1,1.0
000000000000000021022002211102121120211211,1,1.0
000000000000000000000000000000210000012010,2,0.0
000000000000000000000000000000210001012012,1,1.0
000000000000000000000000000020210001112012,1,1.0
000000000000000000000000100020210201112012,1,1.0
000000000000000002000000101020210201112012,1,1.0
000000000000000002000100101022210201112012,1,1.0
000000000000001002000120101022210201112012,1,1.0
000000010020001002000120101022210201112012,1,1.0
200000010020001102000120101022210201112012,1,1.0
200000010020001112000122101022210201112012,1,1.0
200200010020001112010122101022210201112012,1,1.0
210200012020001112010122101022210201112012,1,1.0
210200012020201112010122101022210211112012,1,1.0
210200012020201112010122101022211211112212,1,1.0
000000000000000000000000200000020000111000,1,1.0
000000000000000000000000200000020001111200,1,1.0
000000000000000000000000000000020101001020,1,1.0
000000000000000000000000000000020101011220,1,1.0
000000000000000000000000000000220101111220,1,1.0
000000000000000000000000000000010000211020,1,-1.0
000000000000000000000000100000010200211020,1,-1.0
000000000000000002000000101000010200211020,1,-1.0
000000000010000002000000101000210200211020,1,-1.0
000000000010000002000010101002210200211020,1,-1.0
000000000010000002000012101002210201211020,1,-1.0
000000000010000022010012101002210201211020,1,-1.0
000000000000000000000000000000000000001120,1,1.0
000000000000000000000000000000010200001120,1,1.0
000000000000000000010000002000010200001120,1,1.0
000000000000000000010000202000011200001120,1,1.0
000000000000000000010000222000011200101120,1,1.0
000000000000000002010000222000011200111120,1,1.0
000000000000000000000000000000020000001100,2,0.0
000000000000000000000000000000020000101120,1,1.0
000000000000000000000000000000020200111120,1,1.0
000000000000000000000002000000110000021000,1,1.0
000000000000000000000002000000110000021012,1,1.0
000000000000000000000002001000110200021012,1,1.0
000000000000000000020002101000110200021012,1,1.0
000000000000000012020002101000110200021012,1,1.0
000000000020000012020002101000110201021012,1,1.0
000000000020000012020002101010110221021012,1,1.0
000000000020000012021002101210110221021012,1,1.0
000000000020210012021002101210110221021012,1,1.0
000100000020210012021202101210110221021012,1,1.0
000101000220210012021202101210110221021012,1,1.0
000101200220211012021202101210110221021012,1,1.0
002101200220211012021202101210110221121012,1,1.0
002101220220211012021202101211110221121012,1,1.0
000000000000000000000000000000000000100120,1,1.0
000000000000000000000000000002000000110120,1,1.0
000000000000000000000000000002100000112120,1,1.0
000000000000000000000000000002121000112120,1,1.0
000000000000000000000000120002121000112120,1,1.0
000000000000000000100000120002121000112122,1,1.0
000000000000000000000000000000010000201000,4,-1.0
000000000000000000000000000000010001201002,1,-1.0
000000000000000000000000100000010001221002,1,-1.0
000000000000000002000000100001010001221002,1,-1.0
000000000000000002000010100001210001221002,1,-1.0
000000000000000012000012100001210001221002,1,-1.0
000000000020000012000012100001210011221002,1,-1.0
000000000020000012000012100021210011221012,1,-1.0
000000000020000212000012100021210011221112,1,-1.0
000000000020000212000012100121212011221112,1,-1.0
000100000020000212000012120121212011221112,1,-1.0
000000000000000000000000000000000000102100,2,-1.0
000000000000000000000000000002001000102100,1,-1.0
000000000000000000000020010002001000102100,1,-1.0
000000000000000100200020010002001000102100,1,-1.0
000000000002000100200020010002001000102101,1,-1.0
000000000002000100200020010002001012102101,1,-1.0
000000000002000100200020010212001012102101,1,-1.0
000010002002000100200020010212001012102101,1,-1.0
000010002002000100200020010212021012102111,1,-1.0
000010002002000100200020110212021212102111,1,-1.0
000010002002000100201020112212021212102111,1,-1.0
000010002002100100221020112212021212102111,1,-1.0
000011002002100102221020112212021212102111,1,-1.0
000111002022100102221020112212021212102111,1,-1.0
000111002022110102221220112212021212102111,1,-1.0
010111202022110102221220112212021212102111,1,-1.0
010111202022111102221220112212021212122111,1,-1.0
010111222022111102221220112212121212122111,1,-1.0
000000000000000000000000000000000020001001,2,-1.0
000000000000000000000000000000000020011021,1,-1.0
000000000000000000000000000100000020211021,1,-1.0
000000000000000000000000000102100020211021,1,-1.0
000000000000000000000021000102100020211021,1,-1.0
000000000000000000000000200000010000001201,1,-1.0
000000000000000000000000200000010001201201,1,-1.0
000000000000000002000000200000011001201201,1,-1.0
000100000020000002000000200000011001201201,1,-1.0
000100000020000002000000210000011021201201,1,-1.0
000100000020000002200000210001011021201201,1,-1.0
000100000020000002201000210201011021201201,1,-1.0
000100000020000002201010210221011021201201,1,-1.0
000100000020001002201210210221011021201201,1,-1.0
000100001020001202201210210221011021201201,1,-1.0
020100001020001202201210210221011021201211,1,-1.0
020100021020011202201210210221011021201211,1,-1.0
020100221020011202201210210221011021211211,1,-1.0
000000000000000000000000020000011000002100,2,1.0
000000000000000000000000020000111000022100,1,1.0
000000000000000000000000020000111002122100,1,1.0
000000000000000000000000020000111102122120,1,1.0
000000000000000000000000000000001000020100,1,1.0
000000000000000000000000020000001000021100,1,1.0
000000000000000000200000020000001000021110,1,1.0
000000000000000000200000020000011000021112,1,1.0
000000000001000000200000020000011020021112,1,1.0
000000000001000000201000020200011020021112,1,1.0
000000000001000000201000220200111020021112,1,1.0
000000000001000000201000221200111220021112,1,1.0
000000000000000000000000000000000000002101,1,-1.0
000000000000000000000000000000000000122101,1,-1.0
000000000000000000000000000000001002122101,1,-1.0
000000000000000000100000020000001002122101,1,-1.0
000000000000000000100001020000201002122101,1,-1.0
000000000000000000100001120000221002122101,1,-1.0
000000000000000021100001120000221002122101,1,-1.0
000000000001000021100001120000221002122121,1,-1.0
000000000011000021100001120002221002122121,1,-1.0
000000000000000000000000000000000000012100,2,0.0
000000000000000000000000000000012000012100,1,-1.0
000000000000000000000000200000012000112100,1,-1.0
000000000000000002000000200001012000112100,1,-1.0
000000000000000002000010220001012000112100,1,-1.0
000000000000000202000010220001012000112101,1,-1.0
000000000020000202100010220001012000112101,1,-1.0
000000000000000000000000000000000000210100,4,1.0
000000000000000000000000000000001000210120,1,1.0
000000000000000000100000020000001000210120,1,1.0
000000000000000000100001020000201000210120,1,1.0
000000000000000020100001020001201000210120,1,1.0
000000000000000020100001020001201102210120,1,1.0
000000000000000020100011022001201102210120,1,1.0
000000000000000120100011022001201102210122,1,1.0
000000002000000120110011022001201102210122,1,1.0
000000002000000120110011022101201122210122,1,1.0
000000002201000120110011022101201122210122,1,1.0
010020002201000120110011022101201122210122,1,1.0
010021002201200120110011022101201122210122,1,1.0
012021002201200120111011022101201122210122,1,1.0
012021002201220120111011022111201122210122,1,1.0
012021002201220120111011022111211122212122,1,1.0
000000000000000000000000000000020000001001,1,-1.0
000000000000000000000000100000020000001201,1,-1.0
000000000000000000000000110000022000001201,1,-1.0
000000000000000001000000110000022000201201,1,-1.0
000000000010000001000000110000022020201201,1,-1.0
000200000010000001000000110001022020201201,1,-1.0
000200000010000001001000110201022020201201,1,-1.0
000200000010010001001000110201022022201201,1,-1.0
000200000010010001001020110211022022201201,1,-1.0
000200100010010201001020110211022022201201,1,-1.0
000200101010010201001220110211022022201201,1,-1.0
020200101010010201001220110211022022201211,1,-1.0
000000000000000000000000000000201000012100,1,1.0
000000000000000000000000010000221000012100,1,1.0
000000000000000000100000210000221000012100,1,1.0
000000000000000000000000000000020010001012,1,1.0
000000000000000000000000100000020010021012,1,1.0
000000000000000000000000100100020010221012,1,1.0
000000000000000000002000100100120010221012,1,1.0
000000000000000002002000100101120010221012,1,1.0
000000100000020002002000100101120010221012,1,1.0
000000100000020002002000100101120110221212,1,1.0
000000100000020002012000102101120110221212,1,1.0
000000100000220002012000102101121110221212,1,1.0
000000100000220012012002102101121110221212,1,1.0
000000000000000000000000000000010200002011,1,-1.0
000000000000000000000000102000010200002011,1,-1.0
000000000000000001020000102000010200002011,1,-1.0
000000000000000000000000000100000020012001,1,-1.0
000000000000000000000001000100200020012001,1,-1.0
000000000000000010000001000100220020012001,1,-1.0
000000000100000010000001200100220020012001,1,-1.0
000000000000000000000000000001000000200100,1,1.0
000000000000000000000010000001000000200102,1,1.0
000000000000000000000010000001000021200102,1,1.0
000000000000000000001010000201000021200102,1,1.0
000000000000000200001010000201000021200112,1,1.0
000000000000000200001010000201002021210112,1,1.0
000000000000000200001010000201002121212112,1,1.0
000000000000000200011010002201002121212112,1,1.0
000000000000000200111010022201002121212112,1,1.0
000000000000000200111010122201022121212112,1,1.0
000000000002000201111010122201022121212112,1,1.0
000000000000000000000000000000000010000201,1,1.0
000000000000000000000000000100000010020201,1,1.0
000000000000000000001000000100000010022201,1,1.0
000000000000000000000000010000002000011200,1,1.0
000000000000000000000000010000102000211200,1,1.0
000000000000000000000001010000122000211200,1,1.0
000000000000000020000001110000122000211200,1,1.0
000000000000000020000001110000122010211202,1,1.0
000000000000000020000011110002122010211202,1,1.0
000000000000000000000000000000120000211000,1,-1.0
000000000000000000000002000000120000211010,1,-1.0
000000000000000000000002000000120000211211,1,-1.0
000000000000000000000002100000120200211211,1,-1.0
000000000000000000000002101000122200211211,1,-1.0
000000000000000000000000000000000002000011,1,1.0
000000000000000000000000000000000002012011,1,1.0
000000000000000000000000100000020002012011,1,1.0
000000000000000002000000100000120002012011,1,1.0
000000000000000002000001100000120002212011,1,1.0
000000000000000012000001100000120022212011,1,1.0
000000000000000001000000220000011000002100,1,1.0
000000000000000001200000220000011000002110,1,1.0
000000000000000001200000221000011200002110,1,1.0
000000000000000001200000221000011202102110,1,1.0
000010000002000001200000221000011202102110,1,1.0
000010000002000001200000221001011202102112,1,1.0
000010000002000001200010221021011202102112,1,1.0
000010000012000201200010221021011202102112,1,1.0
000010000012001201200210221021011202102112,1,1.0
000010001012001201200210221021011222102112,1,1.0
000010001012001201201210221221011222102112,1,1.0
000110001012001201221210221221011222102112,1,1.0
000111001012201201221210221221011222102112,1,1.0
000111101012221201221210221221011222102112,1,1.0
000000000000000000000000000000010000021000,1,1.0
000000000000000000000000100000010000021002,1,1.0
000000000000000000000000100000010100021022,1,1.0
000000000000000001000000100000010120021022,1,1.0
000000000000000000000000000000000010000102,1,1.0
000000000000000000000000010000002010000102,1,1.0
000000000000000000100000010000002010002102,1,1.0
000000000001000000100000010000022010002102,1,1.0
000020000001000000100000010100022010002102,1,1.0
000020000001000000102000110100022010002102,1,1.0
000020000001000002102000110100022010102102,1,1.0
000020000001000002102000110100022011102122,1,1.0
000020000001000002102010110102022011102122,1,1.0
000020000021000002102010110112022011102122,1,1.0
000020000021000002102010110112122011122122,1,1.0
000000000000000000000000000000002000001100,4,-0.5
000000000000000000000000000000002000011102,1,1.0
000000000000000000000000000000002000111122,1,1.0
000000000000000000000000000000010000102000,1,1.0
000000000000000000000000000000010000102120,1,1.0
000000000000000000000000001000010200102120,1,1.0
000000000000000000020000101000010200102120,1,1.0
000000000000000002020000101000010200102121,1,1.0
000000000000000002020000101001010220102121,1,1.0
000000000000000002020020101101010220102121,1,1.0
000000000000000002020020111101012220102121,1,1.0
000000000000000000000000000002000100120010,1,1.0
000000000000000000000000000002100100120210,1,1.0
000000000000000000000000001002100100122210,1,1.0
000000000000000000020000001002100100122211,1,1.0
000000000000000000020000101002120100122211,1,1.0
000000000000000010020002101002120100122211,1,1.0
000000000000000010020002101002121120122211,1,1.0
000000000000000000000000200000011000001200,2,1.0
000000000000000001000000220000011000001200,1,1.0
000000000000000001100000220000011002001200,1,1.0
000000000000000001100000220000011002201201,1,1.0
000000000000000001100010220002011002201201,1,1.0
000000000002000101100010220002011002201201,1,1.0
000000000002000101100010220012011022201201,1,1.0
000020000002000101100110220012011022201201,1,1.0
000020000002001101100110220212011022201201,1,1.0
000020012002001101100110220212011022201201,1,1.0
000000000000000000000000000000000002011000,1,1.0
000000000000000000000000000000001002011200,2,1.0
000000000000000000000000010000001002211200,1,1.0
000000000000000000100000010000201002211200,1,1.0
000000000002000000100001010000201002211200,1,1.0
000000000002000000100001010020211002211200,1,1.0
000000000002000000100001110022211002211200,1,1.0
000000000002000001100021110022211002211200,1,1.0
000000000000000000000010000002000000210100,1,1.0
000000000000000000000010000002001000210120,1,1.0
000000000000000000000010010002201000210120,1,1.0
000000000000000200100010010002201000210120,1,1.0
000000000000000000000000000000000010200001,1,-1.0
000000000000000000000000000100000010202001,1,-1.0
000000000000000000002000000100000010202101,1,-1.0
000000000000000000002000000100001010222101,1,-1.0
000000000000000000000000000000200002112011,1,-1.0
000000000000000000000000000001220002112011,1,-1.0
000000000000000000000010000001220202112011,1,-1.0
000000000000000200000011000001220202112011,1,-1.0
000000000000000201000011200001220202112011,1,-1.0
000000000010000201000011202001220202112011,1,-1.0
000000000010000211000011202001220222112011,1,-1.0
000000000010000211000011202121220222112011,1,-1.0
000000000010100211020011202121220222112011,1,-1.0
000001000010100211022011202121220222112011,1,-1.0
000001000110100211022211202121220222112011,1,-1.0
000000000000000000000000000000210002012011,1,-1.0
000000000000000000000000100000210022012011,1,-1.0
000000000000000002000000100100210022012011,1,-1.0
000000000000000002001002100100210022012011,1,-1.0
000000000000010022001002100100210022012011,1,-1.0
000000000000000000000000000000000000100210,1,1.0
000000000000000000000000000000002000101210,1,1.0
000000000000000000000000000000102000121210,1,1.0
000000000000000000000000010000102200121210,1,1.0
000000000000000000000001010000122200121210,1,1.0
000000000000000001000001210000122200121210,1,1.0
000000000000000001000001212000122201121210,1,1.0
000000000000000001020001212001122201121210,1,1.0
000000000000000000000000000000000000102001,1,-1.0
000000000000000000000000000000020010102001,1,-1.0
000000000000000000000000200000020010102011,1,-1.0
000000000000000000000000000000200000111020,1,1.0
000000000000000000000000000000200001111220,1,1.0
000000000000000000000000000000000000001210,2,1.0
000000000000000000000000000000001200001210,1,1.0
000000000000000000000000000000001201001212,1,1.0
000000000000000000000000000000101201021212,1,1.0
000000000000000000000000021000101201021212,1,1.0
000000000000000000020000021000111201021212,1,1.0
000000000001000000220000021000111201021212,1,1.0
000000000001000001220000221000111201021212,1,1.0
000000000001200001220001221000111201021212,1,1.0
000002000001200001220001221000111201121212,1,1.0
000002000001200011220001221002111201121212,1,1.0
000002000201200011220001221002111211121212,1,1.0
000002000201200111220021221002111211121212,1,1.0
002002001201200111220021221002111211121212,1,1.0
002022001201200111220021221102111211121212,1,1.0
002022001201200111222021221112111211121212,1,1.0
022022001201200111222121221112111211121212,1,1.0
022022001201221111222121221112111211121212,1,1.0
000000000000000000000000000000011000001202,1,1.0
000000000000000000000000020000011000101202,1,1.0
000000000000000000000000220000011000111202,1,1.0
000000000000000001000000220000011002111202,1,1.0
000000000000000001000000220020111002111202,1,1.0
000000000000000001000200220021111002111202,1,1.0
000000000000000000000000100002010000122100,1,1.0
000000000000000000000010100002010000122120,1,1.0
000000000000000002000010100002010000122121,1,1.0
000000000000000002000010100012010002122121,1,1.0
000000000000000002000011100012210002122121,1,1.0
000000000000000002000011100012212102122121,1,1.0
000000000020000002000011100012212112122121,1,1.0
000000000020000102000011120012212112122121,1,1.0
000000000000000000000000000000010000011202,1,1.0
000000000000000000000000000000011000211202,1,1.0
000000000000000000000000120000011000211202,1,1.0
000000000000000002000000120000111000211202,1,1.0
000000000000000002000002120001111000211202,1,1.0
000000000000000000000000000000021000021100,1,-1.0
000000000000000000000000010000021000021120,1,-1.0
000000000000000000200000010000021001021120,1,-1.0
000000000000000000200001010000221001021120,1,-1.0
000000000000000001200001210000221001021120,1,-1.0
000000000000000000010000002000000100001020,1,1.0
000000000000000000010000002000000100001221,1,1.0
000000000000000000010000002000020100101221,1,1.0
000000000000000000010000102000020102101221,1,1.0
000000000000000001010000102002020102101221,1,1.0
000000000000000001010000112002022102101221,1,1.0
000000000000000000000000000001000000120000,2,0.0
000000000000000000000010000001000000122000,1,1.0
000000000000000200000010000001000000122100,1,1.0
000000000000000200000010000001102000122100,1,1.0
000000000000000200000010010001102000122102,1,1.0
000000000000000200000010110001122000122102,1,1.0
000000000000000200100012110001122000122102,1,1.0
000000000000000000000000200000010000011002,1,1.0
000000000000000000000000200000010000211012,1,1.0
000000000000000001000000200000010000211212,1,1.0
000000000000000001000000200000210100211212,1,1.0
000000000000000001000000201000210120211212,1,1.0
000000000010000001020000201000210120211212,1,1.0
000000000010000001020000201000212121211212,1,1.0
000200000010000001020000201001212121211212,1,1.0
000200000010000001020021201001212121211212,1,1.0
000000000000000000000000000000000100002010,1,-1.0
000000000000000000000000100000020100002010,1,-1.0
000000000000000000000000101000020100022010,1,-1.0
000000000000000000020000101000120100022010,1,-1.0
000000000000000000020000101000120100222110,1,-1.0
000000000000000000000000010000002000021121,1,-1.0
000000000000000000200000010000012000021121,1,-1.0
000000000000000001200000210000012000021121,1,-1.0
000000000000000001200000210000112200021121,1,-1.0
000000000002000001200000210000112210021121,1,-1.0
000000000002000001210000212000112210021121,1,-1.0
000000000002000011210002212000112210021121,1,-1.0
000000000022000011210002212000112210121121,1,-1.0
000100000022200011210002212000112210121121,1,-1.0
000000000000000000000000000000022000001101,1,-1.0
000000000000000000000000000000022000011121,1,-1.0
000000000000000000000000000000022100211121,1,-1.0
000000000000000000000000100000222100211121,1,-1.0
000000000000000000000000000000021001001200,1,-1.0
000000000000000000000000000000021001201201,1,-1.0
000000000000000000000000210000021001201201,1,-1.0
000000000000000002100000210000021001201201,1,-1.0
000000000000000000000000000000000002011120,1,1.0
000000000000000000000000000000001002211120,1,1.0
000000000000000000000000000002011002211120,1,1.0
000000000000000100000020000002011002211120,1,1.0
000000000000000100000020010002011202211120,1,1.0
000000000000000100200020110002011202211120,1,1.0
000000002000000101200020110002011202211120,1,1.0
000000000000000000000000000000010001001022,1,1.0
000000000000000000000000200000010001011022,1,1.0
000000000000000000000000200000110001211022,1,1.0
000000000000000000000000200002110101211022,1,1.0
000000000000000000000000200022110101211122,1,1.0
000000000000000000000020200022111101211122,1,1.0
000000000000000000000000000000000001201000,2,-1.0
000000000000000000000000000001000001201200,1,-1.0
000000000000000000000010000001020001201200,1,-1.0
000000000000000200000010000001021001201200,1,-1.0
000000000000000200000010000001021001201221,1,-1.0
000000000000000200000010020001021011201221,1,-1.0
000000000000000200200010020001021111201221,1,-1.0
000000000000000200200010120201021111201221,1,-1.0
000000000000010200202010120201021111201221,1,-1.0
000010000002010200202010120201021111201221,1,-1.0
000010201002010200202010120201021111201221,1,-1.0
020010201002010201202010120201021111201221,1,-1.0
020010201002010201202010120211021111221221,1,-1.0
020010201022010201202010120211121111221221,1,-1.0
000000000000000001000000200000011000201200,1,1.0
000000000000000001000000210002011000201200,1,1.0
000000000000000001200000210002011000201201,1,1.0
000000000000000101200020210002011000201201,1,1.0
000000000000000101200020210002111000221201,1,1.0
000000000001000101200022210002111000221201,1,1.0
000000000021000111200022210002111000221201,1,1.0
000000000021000111200022210102111020221201,1,1.0
000000000021010111202022210102111020221201,1,1.0
000200100021010111202022210102111020221201,1,1.0
000220100121010111202022210102111020221201,1,1.0
002220100121010111202022210102111021221201,1,1.0
002220100121010111202022210102111121221221,1,1.0
000000000000000000000000000000012000021100,1,-1.0
000000000000000000100000020000012000021100,1,-1.0
000000000000000000100000020000012010021102,1,-1.0
000000000000000001100000220000012010021102,1,-1.0
000000000020000001100000220100012010021102,1,-1.0
000200000020000001101000220100012010021102,1,-1.0
000200000020020001101000220100012010021112,1,-1.0
000200000020020001101001220100212010021112,1,-1.0
000200000020020021101001220100212010121112,1,-1.0
000200000020020021101001220102212011121112,1,-1.0
000200000020020021101011220122212011121112,1,-1.0
000200000021020221101011220122212011121112,1,-1.0
000000000000000000000000000000020000101000,1,1.0
000000000000000000000000100000020000121000,1,1.0
000000000000000000000000100000020000121012,1,1.0
000000000000000000000000100002120000121012,1,1.0
000000000000000000000002100002120000121112,1,1.0
000000000000000021000002100002120000121112,1,1.0
000000000010000021000022100002120000121112,1,1.0
000200000010000021000022100002121000121112,1,1.0
001200000210000021000022100002121000121112,1,1.0
001200001210000221000022100002121000121112,1,1.0
001200001210000221100022120002121000121112,1,1.0
000000000000000000000000000000000010001002,2,0.0
000000000000000000000000000200000010001012,1,1.0
000000000000000000000000100200020010001012,1,1.0
000000000000000001000000100200020010201012,1,1.0
000000000000000001002000100200020010211012,1,1.0
000000000000020001002000100200020010211112,1,1.0
000000000000000000000000200000010000201100,1,-1.0
000000000000000000000000200000010100201120,1,-1.0
000000000000000000000000210000012100201120,1,-1.0
000000000000000002100000210000012100201120,1,-1.0
000000000012000002100000210000012100201120,1,-1.0
000000000012000002110000212000012100201120,1,-1.0
000000000012000002110000212000012101221120,1,-1.0
000200000012000002110000212000112101221120,1,-1.0
000200000012000002110002212001112101221120,1,-1.0
000000000000000000000000000000001000202110,1,-1.0
000000000000000000000000000000011000222110,1,-1.0
000000000000000000000000000002010000201001,1,-1.0
000000000000000000000020100002010000201001,1,-1.0
000000000000000000000000000000001002021112,1,-1.0
000000000000000000000000020000001102021112,1,-1.0
000000000000000000000000020010021102021112,1,-1.0
000000000000000000000000221010021102021112,1,-1.0
000000000000000000000000000000001000021102,1,-1.0
000000000000000000000000020000011000021102,1,-1.0
000000000000000000100000220000011000021102,1,-1.0
000000000000000000100000220000211001021102,1,-1.0
000000000000000002100000220000211011021102,1,-1.0
000000000020000002100001220000211011021102,1,-1.0
000000000000000000000000000000010000002010,1,-1.0
000000000000000000000000000000010000212010,1,-1.0
000000000000000000000010000002010000212010,1,-1.0
000000000000000000000010100002010200212010,1,-1.0
000000000000000000000010101002010200212012,1,-1.0
000000000000000002000010101002010210212012,1,-1.0
000000000010000002020010101002010210212012,1,-1.0
000100000010000002020010101202010210212012,1,-1.0
000100000010000102020010101202010212212012,1,-1.0
000100000010010102022010101202010212212012,1,-1.0
000100000010210102022010101202110212212012,1,-1.0
000000000000000000000000020000001001001200,1,-1.0
000000000000000000000000020000001001201201,1,-1.0
000000000000000000200000020000001001201211,1,-1.0
000000000001000000200000020000021001201211,1,-1.0
000000000001000000200000020100021021201211,1,-1.0
000000000001000000202000020110021021201211,1,-1.0
000000000001000000202100020110021221201211,1,-1.0
000000000001002000202100020110021221211211,1,-1.0
000000000001012000202100220110021221211211,1,-1.0
000000100001012002202100220110021221211211,1,-1.0
000000000000000000000000000000011000001220,1,1.0
000000000000000000000000000001011000201220,1,1.0
000000000000000000000000000001011200211220,1,1.0
000000000000000000000000020001111200211220,1,1.0
000000000000000000000000000000200010010201,1,-1.0
000000000000000000000001000000202010010201,1,-1.0
000000000000000000000001010000202010012201,1,-1.0
000000000000000000000001010100222010012201,1,-1.0
000000000000000000002001010100222011012201,1,-1.0
000000000000020010002001010100222011012201,1,-1.0
000000000000020010002001010100222111012221,1,-1.0
000000000000000000000000000000000001001020,2,0.0
000000000000000000000000000000000101201020,1,-1.0
000000000000000000000000000010000101201220,1,-1.0
000000000000000000000000000012000101201221,1,-1.0
000000000000000000000010002012000101201221,1,-1.0
000000000000000000000010102012020101201221,1,-1.0
000000000000000000000010112012022101201221,1,-1.0
000000000000000002100010112012022101201221,1,-1.0
000000000002000002100110112012022101201221,1,-1.0
000000000002002002110110112012022101201221,1,-1.0
000001000002202002110110112012022101201221,1,-1.0
000001020002202002110110112012022111201221,1,-1.0
100001020002202002110110112212022111201221,1,-1.0
100001020022202102110110112212022111201221,1,-1.0
100201021022202102110110112212022111201221,1,-1.0
120201021022202102111110112212022111201221,1,-1.0
000000000000000000000000010000001000202100,1,1.0
000000000000000000100000010000001000222100,1,1.0
000000000000000000000000000000020000002111,1,1.0
000000000000000000000000000000020120002111,1,1.0
000000000000000001000000200000020120002111,1,1.0
000000000000000001000000201000020122002111,1,1.0
000000000000000001020000201000021122002111,1,1.0
000000000000000001020000221000021122012111,1,1.0
000000000000000001120000221200021122012111,1,1.0
000000000001000001120000221220021122012111,1,1.0
000000000001001001120200221220021122012111,1,1.0
000020000011001001120200221220021122012111,1,1.0
000020020011101001120200221220021122012111,1,1.0
000020020011101001120200221220121122212111,1,1.0
000020020011101001120201221222121122212111,1,1.0
000022020011101011120201221222121122212111,1,1.0
000000000000000000000000000000000001002010,1,-1.0
000000000000000000000000000000000201012010,1,-1.0
000000000000000000000000001000020201012010,1,-1.0
000000000000000001000000201000020201012010,1,-1.0
000000000000000001000000201000220201012011,1,-1.0
000000000000000001010000201000220221012011,1,-1.0
000000000000200001010001201000220221012011,1,-1.0
000000000000200001010101201020220221012011,1,-1.0
000000000000200011010101201220220221012011,1,-1.0
000000000000201011010101201220220221012211,1,-1.0
000000000000000000000000000000000100000210,1,-1.0
000000000000000000000000000000002100000211,1,-1.0
000000000000000000000000002000002100001211,1,-1.0
000000000000000000100000022000002100001211,1,-1.0
000000000002000000100000022000012100001211,1,-1.0
000000000002000000110000222000012100001211,1,-1.0
000000000002100002110000222000012100001211,1,-1.0
000000000002100002110000222000012110201211,1,-1.0
000000000000000000000000000000000020201011,1,-1.0
000000000000000000000000000100000020201211,1,-1.0
000000000000000000001000000100002020201211,1,-1.0
000000000000000000001000010102002020201211,1,-1.0
000000000000010000001000010102022020201211,1,-1.0
000000000000000000000000000000002000201110,1,1.0
000000000000000000000000000000002000211112,2,1.0
000000000000000000000000000000010010201002,1,-1.0
000000000000000000000000200100010010201002,1,-1.0
000000000000000000000000200102010010201012,1,-1.0
000000000000000100000020200102010010201012,1,-1.0
000000000000000100001020200102010210201012,1,-1.0
000000001000020100001020200102010210201012,1,-1.0
000000001000020100001020201102010210201212,1,-1.0
000000001000020101001020201102012210201212,1,-1.0
000000001010020101021020201102012210201212,1,-1.0
000000001010020101021020201112012212201212,1,-1.0
000000001010020101021220211112012212201212,1,-1.0
000000001011020101221220211112012212201212,1,-1.0
000000101011220101221220211112012212201212,1,-1.0
000200101011221101221220211112012212201212,1,-1.0
000212101011221101221220211112012212201212,1,-1.0
020212101011221101221220211112012212211212,1,-1.0
000000000000000000000000000000000100211122,1,1.0
000000000000000000000000000001020100211122,1,1.0
000000000000000000000010000001020120211122,1,1.0
000000000000000200000010001001020120211122,1,1.0
000000000000000200001010001201020120211122,1,1.0
000000000000000200001010101201022120211122,1,1.0
000000000000000200011010101201222120211122,1,1.0
000000000000200200011011101201222120211122,1,1.0
000000000000200201011011121201222120211122,1,1.0
000000000001200201211011121201222120211122,1,1.0
000000000000000000000000100000020000001000,2,1.0
000000000000000000000000100000020002001010,1,1.0
000000000000000000000000100000020002011012,1,1.0
000000000000000000000000100000020102011212,1,1.0
000000000000000002000000100000020112011212,1,1.0
000000000000000002000000101020020112011212,1,1.0
000000000000000002020000101020120112011212,1,1.0
000000000000000002020002101020121112011212,1,1.0
000000000000000022020002101120121112011212,1,1.0
000000000000000022022002111120121112011212,1,1.0
000000000000000000000000000000000000210112,2,1.0
000000000000000000000000000000001000212112,1,1.0
000000000000000000000000020000001100212112,1,1.0
000000000000000000100000020000021100212112,1,1.0
000000000000000001100000220000021100212112,1,1.0
000000000000000001110000222000021100212112,1,1.0
000000000000000001110000222100021120212112,1,1.0
000000000001000001112000222100021120212112,1,1.0
000000000001000001112001222100221120212112,1,1.0
000000000001000011112001222102221120212112,1,1.0
000000000000000000000000000000012000001201,1,-1.0
000000000000000000000000120000012000001201,1,-1.0
000000000000000000100001020000201002011200,1,1.0
000000000000000000100001020000201012011202,1,1.0
000000000000000010100001020000221012011202,1,1.0
000000000100000010100001020000221012011222,1,1.0
001000000100000010100001020000221212011222,1,1.0
000000000000000000000000000000010000002112,1,1.0
000000000000000000000000000000010100022112,1,1.0
000000000000000000000000001000012100022112,1,1.0
000000000000000000010000001000012102022112,1,1.0
000000000000000000000000020000001000102100,1,1.0
000000000000000000000000020002011000102100,1,1.0
000000000000000000200000020002011000102101,1,1.0
000010000002000000200000020002011000102101,1,1.0
000010000002000100200020020002011000102101,1,1.0
000010000002000100200020120002011020102101,1,1.0
000010000002000102200020120002011020112101,1,1.0
000010000002000102200021120002211020112101,1,1.0
000000000000000001000000200000010000002100,1,1.0
000000000000000001000000200000012001002100,1,1.0
000000000000000001000000210000012001022100,1,1.0
000000000000000001100000210000012001022102,1,1.0
000000000000000001100000210000012021122102,1,1.0
000000000001000001100000210020012021122102,1,1.0
000010000001000001100000210220012021122102,1,1.0
000000000000000000000000020000001000002110,1,-1.0
000000000000000000100000020000001002002110,1,-1.0
000000000000000000100000020000001002212110,1,-1.0
000000000000000000100000120000021002212110,1,-1.0
000000000000000000100000120000121202212110,1,-1.0
000000000001000002100000120000121202212110,1,-1.0
000000000000000000000000000000000000101002,1,1.0
000000000000000000000000000000000000111202,1,1.0
000000000000000000000000000000100002111202,1,1.0
000000000000000000000000000001102002111202,1,1.0
000000000000000000000020000001112002111202,1,1.0
000000000000000000000020100021112002111202,1,1.0
000000000000000001000220100021112002111202,1,1.0
000000000000000000000000000000020001201010,1,-1.0
000000000000000000000000000000021001201210,1,-1.0
000000000000000000000000200010021001201210,1,-1.0
000000000010000002000000200010021001201210,1,-1.0
000100000010000002000200200010021001201210,1,-1.0
000100000010002002000200200010021101201210,1,-1.0
000100000010002002000200212010021101201210,1,-1.0
000100000010002002120200212010021101201210,1,-1.0
000100000012002002120200212010021101201211,1,-1.0
000100010012002002120200212010021121201211,1,-1.0
000100010012202002120200212110021121201211,1,-1.0
000000000000000000000000100000020000001210,1,1.0
000000000000000000000000110000022000001210,1,1.0
000000000000000001000000110000022200001210,1,1.0
000000000010000001000000110000022200201210,1,1.0
000100000010000001000000110000022200201212,1,1.0
000000000000000000000000000000000002010100,1,1.0
000000000000000000000000000000100002012100,1,1.0
000000000000000000000002000010100002012100,1,1.0
000000000000000000000002000010100002112120,1,1.0
000000000000000000000002100010120002112120,1,1.0
000000000000000002000002100011120002112120,1,1.0
000000000000000012000022100011120002112120,1,1.0
000000000200000012000022100011120102112120,1,1.0
000000000200000012000022101011120102112122,1,1.0
000000000200100012020022101011120102112122,1,1.0
000000001200100212020022101011120102112122,1,1.0
020000001200100212020022101011121102112122,1,1.0
000000000000000000000000000002000001201100,1,-1.0
000000000000000000000000000002000001201112,1,-1.0
000000000000000000000000000002010001221112,1,-1.0
000000000000000000000000200002110001221112,1,-1.0
000000000000000100000020200002110001221112,1,-1.0
000000000000000100000022200002111001221112,1,-1.0
000000000000000000000000000001000000121020,1,-1.0
000000000000000000000010000001200000121020,1,-1.0
000000000000000200000010000001200000121021,1,-1.0
000000000000000200000010000001220100121021,1,-1.0
000000000000000200000012000001220100121121,1,-1.0
000000000000000000000000000000000000100201,1,-1.0
000000000000000000000000000000000010120201,1,-1.0
000000000000000000000000000000000010121221,1,-1.0
000000000000000000000001000000200010121221,1,-1.0
000000000000000000000001000000220110121221,1,-1.0
000000000000000000000001000002221110121221,1,-1.0
000000000000000000100001020002221110121221,1,-1.0
000000000000000000100001022102221110121221,1,-1.0
000000000000000000000000010000002000102100,1,-1.0
000000000000000000200000010001002000102100,1,-1.0
000000000001000000200020010001002000102100,1,-1.0
000000000001000200200020010001012000102100,1,-1.0
000000000001000200200020110001012000102102,1,-1.0
010000002001000200200020110001012000102102,1,-1.0
010000002011000202200020110001012000102102,1,-1.0
010200002011000202200020110001012010102102,1,-1.0
010200002011000202201020110201012010102102,1,-1.0
010220002011000202201020110201012011102102,1,-1.0
010220002011010202201020110221012011102102,1,-1.0
010220002011010202201220110221012011102112,1,-1.0
010220012011012202201220110221012011102112,1,-1.0
210220012011012202201220110221012111102112,1,-1.0
210220012011012202201220110221112111122112,1,-1.0
210220012011012212201222110221112111122112,1,-1.0
000000000000000000000000000000100001021020,1,1.0
000000000000000000000002000000110001021020,1,1.0
000000000000000010000002000000110201021020,1,1.0
000000000000000010010002002000110201021020,1,1.0
000000000000000010010002202010110201021020,1,1.0
000000000000000010010102202010110201021220,1,1.0
000000000000001012010102202010110201021220,1,1.0
000000000000000000000000000000010002001000,1,1.0
000000000000000000000000100000010002021000,1,1.0
000000000010000002000000100000010002021000,1,1.0
000000000010000002000000100010010002021020,1,1.0
000000000010000002000000101010010202021020,1,1.0
000000000010000002000000101010110202021022,1,1.0
000000000010000002000000101010110222021122,1,1.0
000000000010000012000002101010110222021122,1,1.0
000000000010000012000002111010112222021122,1,1.0
000000000010000012001002111210112222021122,1,1.0
000000000010010012001202111210112222021122,1,1.0
000000000010010012121202111210112222021122,1,1.0
000000000010210012121202111210112222121122,1,1.0
000000000000000000000000000000020000011102,1,1.0
000000000000000000000000000000010000021201,1,-1.0
000000000000000000000000000000012000021211,1,-1.0
000000000000000000000000210000012000021211,1,-1.0
000000000000000002100000210000012000021211,1,-1.0
000000000021000002100000210000012000021211,1,-1.0
000000000000000000000000000200000010101002,1,-1.0
000000000000000000000000000200000010121102,1,-1.0
000000000000000000000000000200120010121102,1,-1.0
000000000000000000002000000201120010121102,1,-1.0
000000100000020000002000000201120010121102,1,-1.0
000000100000020000002020100201120010121102,1,-1.0
000000100000020002002020100201121010121102,1,-1.0
000000100000020002002020110201121012121102,1,-1.0
000000100000020002202020110201121012121112,1,-1.0
000000100010020202202020110201121012121112,1,-1.0
010000102010020202202020110201121012121112,1,-1.0
010000102010020202202021110201121212121112,1,-1.0
000000000000000000000000000000020100102010,1,1.0
000000000000000000000000001002020100102010,1,1.0
000000000000000000020000101002020100102010,1,1.0
000000000000200000020010101002020100102010,1,1.0
000000000000200002020010101002020100112010,1,1.0
000000000000200002020011101002220100112010,1,1.0
000000000000200002020011101002221100112210,1,1.0
000000000000200022020011111002221100112210,1,1.0
000000000000000000000000000000010002001201,1,1.0
000000000000000000000000010000012002001201,1,1.0
000000000000000001000000210000012002001201,1,1.0
000000000000000001200000210000012002101201,1,1.0
000000000000000001200000210001012002121201,1,1.0
000000000000000001200001210001212002121201,1,1.0
000000000001000021200001210001212002121201,1,1.0
000000000000000000000000110000021000022100,1,1.0
000000000000000000200000110000021000022101,1,1.0
000000000002000001200000110000021000022101,1,1.0
000000000002000001200000110000021002122101,1,1.0
000000000012000001200000110020021002122101,1,1.0
000100000012000001200200110020021002122101,1,1.0
000000000000000000000000000001000000200010,1,-1.0
000000000000000000000000000001000000201210,1,-1.0
000000000000000000000000000001021000201210,1,-1.0
000000000000000000000000200001021100201210,1,-1.0
000000000000000000000000200001021110201212,1,-1.0
000000000000000002000000201001021110201212,1,-1.0
000000000000000000000000100000020000011020,1,1.0
000000000000000000000000100001020000211020,1,1.0
000000000000000001000000100001020200211020,1,1.0
000000000000000001000001100001220200211020,1,1.0
000000000000000001000021100001220201211020,1,1.0
000000000000000000000000000000010002012100,1,1.0
000000000000000000000000000000112002012100,1,1.0
000000000000000000000002000000112002012110,1,1.0
000000000000000020000002010000112002012110,1,1.0
001000000200000020000002010000112002012110,1,1.0
001000000200000020200002010000112002012111,1,1.0
001000000200000020200002110000112202012111,1,1.0
001000000200000021200002110020112202012111,1,1.0
001000000210000021200002110020112202212111,1,1.0
000000000000000000000000000000010000201210,1,1.0
000000000000000000000000100000012000201210,1,1.0
000000000000000001000000100000012000201212,1,1.0
000000000000000000000000000000000002010010,1,1.0
000000000000000000000000000020000102010010,1,1.0
000000000000000000000000001020000102010210,1,1.0
000000000000000000020000001020100102010210,1,1.0
000000000000001000020200001020100102010210,1,1.0
000000000000001010020202001020100102010210,1,1.0
000000000000001010020202011020102102010210,1,1.0
000000000200001010020202011020102102010211,1,1.0
000000000200201010120202011020102102010211,1,1.0
000002000201201010120202011020102102010211,1,1.0
000012000201201010120202011020102102210211,1,1.0
000000000000000000000000000000000200021011,1,1.0
000000000000000000000000001000000200021211,1,1.0
000000000000000000010000001000000220021211,1,1.0
000000000000000000010000001000012220021211,1,1.0
000000000000200000010000101000012220021211,1,1.0
000000000000200002010000111000012220021211,1,1.0
000000000000200002010000111100012220221211,1,1.0
000000000000000000000000000000000002101000,1,1.0
000000000000000000000000000000010002101002,1,1.0
000000000000000000000000100000010002121002,1,1.0
000000000000000002000000100000110002121002,1,1.0
000000000000000002000002100001110002121002,1,1.0
000000000000000002000002100021110002121102,1,1.0
000000000000000002000202100021111002121102,1,1.0
